,Province_State,Admin2,Date,cases,NewCases,7dayAvg,day_of_week,derivDiff,7daySum,FIPS,MMWR_week,Recip_County,Series_Complete_Pop_Pct,Administered_Dose1_Pop_Pct,Series_Complete_12PlusPop_Pct
0,Florida,Miami-Dade,2020-01-22,0.0,,,Wednesday,,,,,,,,
1,Florida,Miami-Dade,2020-01-23,0.0,0.0,,Thursday,,,,,,,,
2,Florida,Miami-Dade,2020-01-24,0.0,0.0,,Friday,0.0,,,,,,,
3,Florida,Miami-Dade,2020-01-25,0.0,0.0,,Saturday,0.0,,,,,,,
4,Florida,Miami-Dade,2020-01-26,0.0,0.0,,Sunday,0.0,,,,,,,
5,Florida,Miami-Dade,2020-01-27,0.0,0.0,,Monday,0.0,,,,,,,
6,Florida,Miami-Dade,2020-01-28,0.0,0.0,,Tuesday,0.0,,,,,,,
7,Florida,Miami-Dade,2020-01-29,0.0,0.0,0.0,Wednesday,0.0,0.0,,,,,,
8,Florida,Miami-Dade,2020-01-30,0.0,0.0,0.0,Thursday,0.0,0.0,,,,,,
9,Florida,Miami-Dade,2020-01-31,0.0,0.0,0.0,Friday,0.0,0.0,,,,,,
10,Florida,Miami-Dade,2020-02-01,0.0,0.0,0.0,Saturday,0.0,0.0,,,,,,
11,Florida,Miami-Dade,2020-02-02,0.0,0.0,0.0,Sunday,0.0,0.0,,,,,,
12,Florida,Miami-Dade,2020-02-03,0.0,0.0,0.0,Monday,0.0,0.0,,,,,,
13,Florida,Miami-Dade,2020-02-04,0.0,0.0,0.0,Tuesday,0.0,0.0,,,,,,
14,Florida,Miami-Dade,2020-02-05,0.0,0.0,0.0,Wednesday,0.0,0.0,,,,,,
15,Florida,Miami-Dade,2020-02-06,0.0,0.0,0.0,Thursday,0.0,0.0,,,,,,
16,Florida,Miami-Dade,2020-02-07,0.0,0.0,0.0,Friday,0.0,0.0,,,,,,
17,Florida,Miami-Dade,2020-02-08,0.0,0.0,0.0,Saturday,0.0,0.0,,,,,,
18,Florida,Miami-Dade,2020-02-09,0.0,0.0,0.0,Sunday,0.0,0.0,,,,,,
19,Florida,Miami-Dade,2020-02-10,0.0,0.0,0.0,Monday,0.0,0.0,,,,,,
20,Florida,Miami-Dade,2020-02-11,0.0,0.0,0.0,Tuesday,0.0,0.0,,,,,,
21,Florida,Miami-Dade,2020-02-12,0.0,0.0,0.0,Wednesday,0.0,0.0,,,,,,
22,Florida,Miami-Dade,2020-02-13,0.0,0.0,0.0,Thursday,0.0,0.0,,,,,,
23,Florida,Miami-Dade,2020-02-14,0.0,0.0,0.0,Friday,0.0,0.0,,,,,,
24,Florida,Miami-Dade,2020-02-15,0.0,0.0,0.0,Saturday,0.0,0.0,,,,,,
25,Florida,Miami-Dade,2020-02-16,0.0,0.0,0.0,Sunday,0.0,0.0,,,,,,
26,Florida,Miami-Dade,2020-02-17,0.0,0.0,0.0,Monday,0.0,0.0,,,,,,
27,Florida,Miami-Dade,2020-02-18,0.0,0.0,0.0,Tuesday,0.0,0.0,,,,,,
28,Florida,Miami-Dade,2020-02-19,0.0,0.0,0.0,Wednesday,0.0,0.0,,,,,,
29,Florida,Miami-Dade,2020-02-20,0.0,0.0,0.0,Thursday,0.0,0.0,,,,,,
30,Florida,Miami-Dade,2020-02-21,0.0,0.0,0.0,Friday,0.0,0.0,,,,,,
31,Florida,Miami-Dade,2020-02-22,0.0,0.0,0.0,Saturday,0.0,0.0,,,,,,
32,Florida,Miami-Dade,2020-02-23,0.0,0.0,0.0,Sunday,0.0,0.0,,,,,,
33,Florida,Miami-Dade,2020-02-24,0.0,0.0,0.0,Monday,0.0,0.0,,,,,,
34,Florida,Miami-Dade,2020-02-25,0.0,0.0,0.0,Tuesday,0.0,0.0,,,,,,
35,Florida,Miami-Dade,2020-02-26,0.0,0.0,0.0,Wednesday,0.0,0.0,,,,,,
36,Florida,Miami-Dade,2020-02-27,0.0,0.0,0.0,Thursday,0.0,0.0,,,,,,
37,Florida,Miami-Dade,2020-02-28,0.0,0.0,0.0,Friday,0.0,0.0,,,,,,
38,Florida,Miami-Dade,2020-02-29,0.0,0.0,0.0,Saturday,0.0,0.0,,,,,,
39,Florida,Miami-Dade,2020-03-01,0.0,0.0,0.0,Sunday,0.0,0.0,,,,,,
40,Florida,Miami-Dade,2020-03-02,0.0,0.0,0.0,Monday,0.0,0.0,,,,,,
41,Florida,Miami-Dade,2020-03-03,0.0,0.0,0.0,Tuesday,0.0,0.0,,,,,,
42,Florida,Miami-Dade,2020-03-04,0.0,0.0,0.0,Wednesday,0.0,0.0,,,,,,
43,Florida,Miami-Dade,2020-03-05,0.0,0.0,0.0,Thursday,0.0,0.0,,,,,,
44,Florida,Miami-Dade,2020-03-06,0.0,0.0,0.0,Friday,0.0,0.0,,,,,,
45,Florida,Miami-Dade,2020-03-07,0.0,0.0,0.0,Saturday,0.0,0.0,,,,,,
46,Florida,Miami-Dade,2020-03-08,0.0,0.0,0.0,Sunday,0.0,0.0,,,,,,
47,Florida,Miami-Dade,2020-03-09,0.0,0.0,0.0,Monday,0.0,0.0,,,,,,
48,Florida,Miami-Dade,2020-03-10,0.0,0.0,0.0,Tuesday,0.0,0.0,,,,,,
49,Florida,Miami-Dade,2020-03-11,0.0,0.0,0.0,Wednesday,0.0,0.0,,,,,,
50,Florida,Miami-Dade,2020-03-12,1.0,1.0,0.14285714285714285,Thursday,1.0,0.00370128142064064,,,,,,
51,Florida,Miami-Dade,2020-03-13,2.0,1.0,0.2857142857142857,Friday,0.0,0.00740256284128128,,,,,,
52,Florida,Miami-Dade,2020-03-14,8.0,6.0,1.1428571428571428,Saturday,5.0,0.02961025136512512,,,,,,
53,Florida,Miami-Dade,2020-03-15,13.0,5.0,1.8571428571428572,Sunday,-1.0,0.04811665846832832,,,,,,
54,Florida,Miami-Dade,2020-03-16,13.0,0.0,1.8571428571428572,Monday,-5.0,0.04811665846832832,,,,,,
55,Florida,Miami-Dade,2020-03-17,40.0,27.0,5.714285714285714,Tuesday,27.0,0.1480512568256256,,,,,,
56,Florida,Miami-Dade,2020-03-18,76.0,36.0,10.857142857142858,Wednesday,9.0,0.28129738796868864,,,,,,
57,Florida,Miami-Dade,2020-03-19,101.0,25.0,14.285714285714286,Thursday,-11.0,0.370128142064064,,,,,,
58,Florida,Miami-Dade,2020-03-20,124.0,23.0,17.428571428571427,Friday,-2.0,0.4515563333181581,,,,,,
59,Florida,Miami-Dade,2020-03-21,169.0,45.0,23.0,Saturday,22.0,0.595906308723143,,,,,,
60,Florida,Miami-Dade,2020-03-22,227.0,58.0,30.571428571428573,Sunday,13.0,0.7920742240170969,,,,,,
61,Florida,Miami-Dade,2020-03-23,278.0,51.0,37.857142857142854,Monday,-7.0,0.9808395764697696,,,,,,
62,Florida,Miami-Dade,2020-03-24,338.0,60.0,42.57142857142857,Tuesday,9.0,1.1029818633509108,,,,,,
63,Florida,Miami-Dade,2020-03-25,400.0,62.0,46.285714285714285,Wednesday,2.0,1.1992151802875675,,,,,,
64,Florida,Miami-Dade,2020-03-26,616.0,216.0,73.57142857142857,Thursday,154.0,1.9061599316299296,,,,,,
65,Florida,Miami-Dade,2020-03-27,763.0,147.0,91.28571428571429,Friday,-69.0,2.365118827789369,,,,,,
66,Florida,Miami-Dade,2020-03-28,1003.0,240.0,119.14285714285714,Saturday,93.0,3.0868687048142935,,,,,,
67,Florida,Miami-Dade,2020-03-29,1192.0,189.0,137.85714285714286,Sunday,-51.0,3.5717365709182176,,,,,,
68,Florida,Miami-Dade,2020-03-30,1632.0,440.0,193.42857142857142,Monday,251.0,5.011535043547426,,,,,,
69,Florida,Miami-Dade,2020-03-31,2123.0,491.0,255.0,Tuesday,51.0,6.606787335843542,,,,,,
70,Florida,Miami-Dade,2020-04-01,2202.0,79.0,257.42857142857144,Wednesday,-412.0,6.669709119994433,,,,,,
71,Florida,Miami-Dade,2020-04-02,2886.0,684.0,324.2857142857143,Thursday,605.0,8.401908824854253,,,,,,
72,Florida,Miami-Dade,2020-04-03,3364.0,478.0,371.57142857142856,Friday,-206.0,9.627032975086305,,,,,,
73,Florida,Miami-Dade,2020-04-04,3890.0,526.0,412.42857142857144,Saturday,48.0,10.685599461389527,,,,,,
74,Florida,Miami-Dade,2020-04-05,4146.0,256.0,422.0,Sunday,-270.0,10.93358531657245,,,,,,
75,Florida,Miami-Dade,2020-04-06,4481.0,335.0,407.0,Monday,79.0,10.544950767405183,,,,,,
76,Florida,Miami-Dade,2020-04-07,4997.0,516.0,410.57142857142856,Tuesday,181.0,10.6374828029212,,,,,,
77,Florida,Miami-Dade,2020-04-08,5354.0,357.0,450.2857142857143,Wednesday,-159.0,11.666439037859297,,,,,,
78,Florida,Miami-Dade,2020-04-09,5745.0,391.0,408.42857142857144,Thursday,34.0,10.58196358161159,,,,,,
79,Florida,Miami-Dade,2020-04-10,6119.0,374.0,393.57142857142856,Friday,-17.0,10.197030313864964,,,,,,
80,Florida,Miami-Dade,2020-04-11,6487.0,368.0,371.0,Saturday,-6.0,9.612227849403743,,,,,,
81,Florida,Miami-Dade,2020-04-12,7058.0,571.0,416.0,Sunday,203.0,10.778131496905544,,,,,,
82,Florida,Miami-Dade,2020-04-13,7459.0,401.0,425.42857142857144,Monday,-170.0,11.022416070667825,,,,,,
83,Florida,Miami-Dade,2020-04-14,7712.0,253.0,387.85714285714283,Tuesday,-148.0,10.048979057039338,,,,,,
84,Florida,Miami-Dade,2020-04-15,8066.0,354.0,387.42857142857144,Wednesday,101.0,10.037875212777415,,,,,,
85,Florida,Miami-Dade,2020-04-16,8326.0,260.0,368.7142857142857,Thursday,-94.0,9.553007346673493,,,,,,
86,Florida,Miami-Dade,2020-04-17,8824.0,498.0,386.42857142857144,Friday,238.0,10.011966242832932,,,,,,
87,Florida,Miami-Dade,2020-04-18,9045.0,221.0,365.42857142857144,Saturday,-277.0,9.467877873998757,,,,,,
88,Florida,Miami-Dade,2020-04-19,9354.0,309.0,328.0,Sunday,88.0,8.49814214179091,,,,,,
89,Florida,Miami-Dade,2020-04-20,9657.0,303.0,314.0,Monday,-6.0,8.135416562568127,,,,,,
90,Florida,Miami-Dade,2020-04-21,10056.0,399.0,334.85714285714283,Tuesday,96.0,8.67580364998166,,,,,,
91,Florida,Miami-Dade,2020-04-22,10153.0,97.0,298.14285714285717,Wednesday,-302.0,7.724574324877016,,,,,,
92,Florida,Miami-Dade,2020-04-23,10588.0,435.0,323.14285714285717,Thursday,338.0,8.372298573489127,,,,,,
93,Florida,Miami-Dade,2020-04-24,10926.0,338.0,300.2857142857143,Friday,-97.0,7.780093546186626,,,,,,
94,Florida,Miami-Dade,2020-04-25,11005.0,79.0,280.0,Saturday,-259.0,7.2545115844556545,,,,,,
95,Florida,Miami-Dade,2020-04-26,11351.0,346.0,285.2857142857143,Sunday,267.0,7.391458997019358,,,,,,
96,Florida,Miami-Dade,2020-04-27,11570.0,219.0,273.2857142857143,Monday,-127.0,7.080551357685544,,,,,,
97,Florida,Miami-Dade,2020-04-28,11831.0,261.0,253.57142857142858,Tuesday,42.0,6.569774521637136,,,,,,
98,Florida,Miami-Dade,2020-04-29,11927.0,96.0,253.42857142857142,Wednesday,-165.0,6.566073240216495,,,,,,
99,Florida,Miami-Dade,2020-04-30,12063.0,136.0,210.71428571428572,Thursday,40.0,5.459390095444944,,,,,,
100,Florida,Miami-Dade,2020-05-01,12389.0,326.0,209.0,Friday,190.0,5.414974718397256,,,,,,
101,Florida,Miami-Dade,2020-05-02,12632.0,243.0,232.42857142857142,Saturday,-83.0,6.021984871382322,,,,,,
102,Florida,Miami-Dade,2020-05-03,12775.0,143.0,203.42857142857142,Sunday,-100.0,5.270624742992271,,,,,,
103,Florida,Miami-Dade,2020-05-04,13092.0,317.0,217.42857142857142,Monday,174.0,5.633350322215054,,,,,,
104,Florida,Miami-Dade,2020-05-05,13224.0,132.0,199.0,Tuesday,-185.0,5.155885018952412,,,,,,
105,Florida,Miami-Dade,2020-05-06,13371.0,147.0,206.28571428571428,Wednesday,15.0,5.344650371405084,,,,,,
106,Florida,Miami-Dade,2020-05-07,13585.0,214.0,217.42857142857142,Thursday,67.0,5.633350322215054,,,,,,
107,Florida,Miami-Dade,2020-05-08,13664.0,79.0,182.14285714285714,Friday,-135.0,4.719133811316816,,,,,,
108,Florida,Miami-Dade,2020-05-09,13841.0,177.0,172.71428571428572,Saturday,98.0,4.474849237554534,,,,,,
109,Florida,Miami-Dade,2020-05-10,14007.0,166.0,176.0,Sunday,-11.0,4.559978710229268,,,,,,
110,Florida,Miami-Dade,2020-05-11,14167.0,160.0,153.57142857142858,Monday,-6.0,3.978877527188688,,,,,,
111,Florida,Miami-Dade,2020-05-12,14385.0,218.0,165.85714285714286,Tuesday,58.0,4.297187729363783,,,,,,
112,Florida,Miami-Dade,2020-05-13,14468.0,83.0,156.71428571428572,Wednesday,-135.0,4.060305718442782,,,,,,
113,Florida,Miami-Dade,2020-05-14,14742.0,274.0,165.28571428571428,Thursday,191.0,4.282382603681221,,,,,,
114,Florida,Miami-Dade,2020-05-15,15011.0,269.0,192.42857142857142,Friday,-5.0,4.985626073602942,,,,,,
115,Florida,Miami-Dade,2020-05-16,15366.0,355.0,217.85714285714286,Saturday,86.0,5.644454166476976,,,,,,
116,Florida,Miami-Dade,2020-05-17,15658.0,292.0,235.85714285714286,Sunday,-63.0,6.110815625477697,,,,,,
117,Florida,Miami-Dade,2020-05-18,15864.0,206.0,242.42857142857142,Monday,-86.0,6.281074570827166,,,,,,
118,Florida,Miami-Dade,2020-05-19,15942.0,78.0,222.42857142857142,Tuesday,-128.0,5.762895171937476,,,,,,
119,Florida,Miami-Dade,2020-05-20,16034.0,92.0,223.71428571428572,Wednesday,14.0,5.796206704723242,,,,,,
120,Florida,Miami-Dade,2020-05-21,16367.0,333.0,232.14285714285714,Thursday,241.0,6.01458230854104,,,,,,
121,Florida,Miami-Dade,2020-05-22,16522.0,155.0,215.85714285714286,Friday,-178.0,5.592636226588007,,,,,,
122,Florida,Miami-Dade,2020-05-23,16694.0,172.0,189.71428571428572,Saturday,17.0,4.91530172661077,,,,,,
123,Florida,Miami-Dade,2020-05-24,16845.0,151.0,169.57142857142858,Sunday,-21.0,4.39342104630044,,,,,,
124,Florida,Miami-Dade,2020-05-25,17041.0,196.0,168.14285714285714,Monday,45.0,4.356408232094033,,,,,,
125,Florida,Miami-Dade,2020-05-26,17168.0,127.0,175.14285714285714,Tuesday,-69.0,4.537771021705424,,,,,,
126,Florida,Miami-Dade,2020-05-27,17225.0,57.0,170.14285714285714,Wednesday,-70.0,4.408226171983002,,,,,,
127,Florida,Miami-Dade,2020-05-28,17396.0,171.0,147.0,Thursday,114.0,3.8086185818392186,,,,,,
128,Florida,Miami-Dade,2020-05-29,17641.0,245.0,159.85714285714286,Friday,74.0,4.141733909696876,,,,,,
129,Florida,Miami-Dade,2020-05-30,17826.0,185.0,161.71428571428572,Saturday,-60.0,4.1898505681652045,,,,,,
130,Florida,Miami-Dade,2020-05-31,18000.0,174.0,165.0,Sunday,-11.0,4.274980040839939,,,,,,
131,Florida,Miami-Dade,2020-06-01,18139.0,139.0,156.85714285714286,Monday,-35.0,4.064006999863422,,,,,,
132,Florida,Miami-Dade,2020-06-02,18224.0,85.0,150.85714285714286,Tuesday,-54.0,3.908553180196516,,,,,,
133,Florida,Miami-Dade,2020-06-03,18456.0,232.0,175.85714285714286,Wednesday,147.0,4.556277428808627,,,,,,
134,Florida,Miami-Dade,2020-06-04,18779.0,323.0,197.57142857142858,Thursday,91.0,5.118872204746005,,,,,,
135,Florida,Miami-Dade,2020-06-05,19056.0,277.0,202.14285714285714,Friday,-46.0,5.237313210206506,,,,,,
136,Florida,Miami-Dade,2020-06-06,19299.0,243.0,210.42857142857142,Saturday,-34.0,5.451987532603662,,,,,,
137,Florida,Miami-Dade,2020-06-07,19547.0,248.0,221.0,Sunday,5.0,5.72588235773107,,,,,,
138,Florida,Miami-Dade,2020-06-08,19756.0,209.0,231.0,Monday,-39.0,5.984972057175915,,,,,,
139,Florida,Miami-Dade,2020-06-09,19980.0,224.0,250.85714285714286,Tuesday,15.0,6.499450174644964,,,,,,
140,Florida,Miami-Dade,2020-06-10,20277.0,297.0,260.14285714285717,Wednesday,73.0,6.740033466986605,,,,,,
141,Florida,Miami-Dade,2020-06-11,20548.0,271.0,252.71428571428572,Thursday,-26.0,6.547566833113292,,,,,,
142,Florida,Miami-Dade,2020-06-12,20872.0,324.0,259.42857142857144,Friday,53.0,6.721527059883402,,,,,,
143,Florida,Miami-Dade,2020-06-13,21633.0,761.0,333.42857142857144,Saturday,437.0,8.638790835775254,,,,,,
144,Florida,Miami-Dade,2020-06-14,21917.0,284.0,338.57142857142856,Sunday,-477.0,8.772036966918316,,,,,,
145,Florida,Miami-Dade,2020-06-15,22197.0,280.0,348.7142857142857,Monday,-4.0,9.034827947783802,,,,,,
146,Florida,Miami-Dade,2020-06-16,22741.0,544.0,394.42857142857144,Tuesday,264.0,10.219238002388806,,,,,,
147,Florida,Miami-Dade,2020-06-17,23273.0,532.0,428.0,Wednesday,-12.0,11.089039136239357,,,,,,
148,Florida,Miami-Dade,2020-06-18,23854.0,581.0,472.2857142857143,Thursday,49.0,12.236436376637956,,,,,,
149,Florida,Miami-Dade,2020-06-19,24376.0,522.0,500.57142857142856,Friday,-59.0,12.969290097924803,,,,,,
150,Florida,Miami-Dade,2020-06-20,25080.0,704.0,492.42857142857144,Saturday,182.0,12.758317056948286,,,,,,
151,Florida,Miami-Dade,2020-06-21,25790.0,710.0,553.2857142857143,Sunday,6.0,14.3350629421412,,,,,,
152,Florida,Miami-Dade,2020-06-22,26239.0,449.0,577.4285714285714,Monday,-261.0,14.960579502229466,,,,,,
153,Florida,Miami-Dade,2020-06-23,26822.0,583.0,583.0,Tuesday,134.0,15.104929477634451,,,,,,
154,Florida,Miami-Dade,2020-06-24,27779.0,957.0,643.7142857142857,Wednesday,374.0,16.677974081406724,,,,,,
155,Florida,Miami-Dade,2020-06-25,28664.0,885.0,687.1428571428571,Thursday,-72.0,17.80316363328148,,,,,,
156,Florida,Miami-Dade,2020-06-26,30196.0,1532.0,831.4285714285714,Friday,647.0,21.541457868128525,,,,,,
157,Florida,Miami-Dade,2020-06-27,31562.0,1366.0,926.0,Saturday,-166.0,23.99170616859263,,,,,,
158,Florida,Miami-Dade,2020-06-28,33714.0,2152.0,1132.0,Sunday,786.0,29.32895397715643,,,,,,
159,Florida,Miami-Dade,2020-06-29,35222.0,1508.0,1283.2857142857142,Monday,-644.0,33.24861100161487,,,,,,
160,Florida,Miami-Dade,2020-06-30,36820.0,1598.0,1428.2857142857142,Tuesday,90.0,37.00541164356512,,,,,,
161,Florida,Miami-Dade,2020-07-01,37961.0,1141.0,1454.5714285714287,Wednesday,-457.0,37.686447424963,,,,,,
162,Florida,Miami-Dade,2020-07-02,40265.0,2304.0,1657.2857142857142,Thursday,1163.0,42.938565760852065,,,,,,
163,Florida,Miami-Dade,2020-07-03,42311.0,2046.0,1730.7142857142858,Friday,-258.0,44.841024411061355,,,,,,
164,Florida,Miami-Dade,2020-07-04,44729.0,2418.0,1881.0,Saturday,372.0,48.734772465575304,,,,,,
165,Florida,Miami-Dade,2020-07-05,47011.0,2282.0,1899.5714285714287,Sunday,-136.0,49.21593905025859,,,,,,
166,Florida,Miami-Dade,2020-07-06,48992.0,1981.0,1967.142857142857,Monday,-301.0,50.96664516222161,,,,,,
167,Florida,Miami-Dade,2020-07-07,51058.0,2066.0,2034.0,Tuesday,85.0,52.698844867081434,,,,,,
168,Florida,Miami-Dade,2020-07-08,53974.0,2916.0,2287.5714285714284,Wednesday,850.0,59.26861938871857,,,,,,
169,Florida,Miami-Dade,2020-07-09,55961.0,1987.0,2242.285714285714,Thursday,-929.0,58.095313178375484,,,,,,
170,Florida,Miami-Dade,2020-07-10,58341.0,2380.0,2290.0,Friday,393.0,59.33154117286946,,,,,,
171,Florida,Miami-Dade,2020-07-11,60868.0,2527.0,2305.5714285714284,Saturday,147.0,59.73498084771929,,,,,,
172,Florida,Miami-Dade,2020-07-12,64444.0,3576.0,2490.4285714285716,Sunday,1049.0,64.52443900602827,,,,,,
173,Florida,Miami-Dade,2020-07-13,67713.0,3269.0,2674.4285714285716,Monday,-307.0,69.29168947581343,,,,,,
174,Florida,Miami-Dade,2020-07-14,69803.0,2090.0,2677.8571428571427,Tuesday,-1179.0,69.3805202299088,,,,,,
175,Florida,Miami-Dade,2020-07-15,72317.0,2514.0,2620.4285714285716,Wednesday,424.0,67.89260509881126,,,,,,
176,Florida,Miami-Dade,2020-07-16,75425.0,3108.0,2780.5714285714284,Thursday,594.0,72.04174157134942,,,,,,
177,Florida,Miami-Dade,2020-07-17,77867.0,2442.0,2789.4285714285716,Friday,-666.0,72.27122101942913,,,,,,
178,Florida,Miami-Dade,2020-07-18,81026.0,3159.0,2879.714285714286,Saturday,717.0,74.61043087727403,,,,,,
179,Florida,Miami-Dade,2020-07-19,84238.0,3212.0,2827.714285714286,Sunday,53.0,73.26316444016082,,,,,,
180,Florida,Miami-Dade,2020-07-20,87035.0,2797.0,2760.285714285714,Monday,-415.0,71.51615960961844,,,,,,
181,Florida,Miami-Dade,2020-07-21,89557.0,2522.0,2822.0,Tuesday,-275.0,73.1151131833352,,,,,,
182,Florida,Miami-Dade,2020-07-22,92345.0,2788.0,2861.1428571428573,Wednesday,266.0,74.12926429259073,,,,,,
183,Florida,Miami-Dade,2020-07-23,95068.0,2723.0,2806.1428571428573,Thursday,-65.0,72.7042709456441,,,,,,
184,Florida,Miami-Dade,2020-07-24,98430.0,3362.0,2937.5714285714284,Friday,639.0,76.10944985263347,,,,,,
185,Florida,Miami-Dade,2020-07-25,101854.0,3424.0,2975.4285714285716,Saturday,62.0,77.09028942910325,,,,,,
186,Florida,Miami-Dade,2020-07-26,104755.0,2901.0,2931.0,Sunday,-523.0,75.93919090728401,,,,,,
187,Florida,Miami-Dade,2020-07-27,107315.0,2560.0,2897.1428571428573,Monday,-341.0,75.06198721059218,,,,,,
188,Florida,Miami-Dade,2020-07-28,110352.0,3037.0,2970.714285714286,Tuesday,477.0,76.96814714222211,,,,,,
189,Florida,Miami-Dade,2020-07-29,113143.0,2791.0,2971.1428571428573,Wednesday,-246.0,76.97925098648403,,,,,,
190,Florida,Miami-Dade,2020-07-30,115916.0,2773.0,2978.285714285714,Thursday,-18.0,77.16431505751606,,,,,,
191,Florida,Miami-Dade,2020-07-31,118462.0,2546.0,2861.714285714286,Friday,-227.0,74.1440694182733,,,,,,
192,Florida,Miami-Dade,2020-08-01,121207.0,2745.0,2764.714285714286,Saturday,199.0,71.6308993336583,,,,,,
193,Florida,Miami-Dade,2020-08-02,122690.0,1483.0,2562.1428571428573,Sunday,-1262.0,66.38248227918987,,,,,,
194,Florida,Miami-Dade,2020-08-03,123644.0,954.0,2332.714285714286,Monday,-529.0,60.43822431764101,,,,,,
195,Florida,Miami-Dade,2020-08-04,124759.0,1115.0,2058.1428571428573,Tuesday,161.0,53.3243614271697,,,,,,
196,Florida,Miami-Dade,2020-08-05,125949.0,1190.0,1829.4285714285713,Wednesday,75.0,47.39860987272404,,,,,,
197,Florida,Miami-Dade,2020-08-06,127677.0,1728.0,1680.142857142857,Thursday,538.0,43.53077078815457,,,,,,
198,Florida,Miami-Dade,2020-08-07,129409.0,1732.0,1563.857142857143,Friday,4.0,40.51792771175309,,,,,,
199,Florida,Miami-Dade,2020-08-08,131217.0,1808.0,1430.0,Saturday,76.0,37.04982702061281,,,,,,
200,Florida,Miami-Dade,2020-08-09,132461.0,1244.0,1395.857142857143,Sunday,-564.0,36.165220761079695,,,,,,
201,Florida,Miami-Dade,2020-08-10,133623.0,1162.0,1425.5714285714287,Monday,-82.0,36.935087296572945,,,,,,
202,Florida,Miami-Dade,2020-08-11,135130.0,1507.0,1481.5714285714287,Tuesday,345.0,38.385989613464076,,,,,,
203,Florida,Miami-Dade,2020-08-12,139271.0,4141.0,1903.142857142857,Wednesday,2634.0,49.308471085774606,,,,,,
204,Florida,Miami-Dade,2020-08-13,140984.0,1713.0,1901.0,Thursday,-2428.0,49.252951864465,,,,,,
205,Florida,Miami-Dade,2020-08-14,142662.0,1678.0,1893.2857142857142,Friday,-35.0,49.0530826677504,,,,,,
206,Florida,Miami-Dade,2020-08-15,144407.0,1745.0,1884.2857142857142,Saturday,67.0,48.81990193825004,,,,,,
207,Florida,Miami-Dade,2020-08-16,145307.0,900.0,1835.142857142857,Sunday,-845.0,47.54666112954966,,,,,,
208,Florida,Miami-Dade,2020-08-17,146026.0,719.0,1771.857142857143,Monday,-181.0,45.90699346020586,,,,,,
209,Florida,Miami-Dade,2020-08-18,146990.0,964.0,1694.2857142857142,Tuesday,245.0,43.89719764879799,,,,,,
210,Florida,Miami-Dade,2020-08-19,148093.0,1103.0,1260.2857142857142,Wednesday,139.0,32.652704692891724,,,,,,
211,Florida,Miami-Dade,2020-08-20,149162.0,1069.0,1168.2857142857142,Thursday,-34.0,30.269079457999155,,,,,,
212,Florida,Miami-Dade,2020-08-21,150305.0,1143.0,1091.857142857143,Friday,74.0,28.288893897956413,,,,,,
213,Florida,Miami-Dade,2020-08-22,151214.0,909.0,972.4285714285714,Saturday,-234.0,25.194622630300838,,,,,,
214,Florida,Miami-Dade,2020-08-23,151986.0,772.0,954.1428571428571,Sunday,-137.0,24.720858608458833,,,,,,
215,Florida,Miami-Dade,2020-08-24,152612.0,626.0,940.8571428571429,Monday,-146.0,24.376639436339254,,,,,,
216,Florida,Miami-Dade,2020-08-25,153385.0,773.0,913.5714285714286,Tuesday,147.0,23.66969468499689,,,,,,
217,Florida,Miami-Dade,2020-08-26,154135.0,750.0,863.1428571428571,Wednesday,-23.0,22.36314234351075,,,,,,
218,Florida,Miami-Dade,2020-08-27,154757.0,622.0,799.2857142857143,Thursday,-128.0,20.70866954848438,,,,,,
219,Florida,Miami-Dade,2020-08-28,155418.0,661.0,730.4285714285714,Friday,39.0,18.924651903735594,,,,,,
220,Florida,Miami-Dade,2020-08-29,156038.0,620.0,689.1428571428571,Saturday,-41.0,17.85498157317045,,,,,,
221,Florida,Miami-Dade,2020-08-30,156559.0,521.0,653.2857142857143,Sunday,-99.0,16.925959936589646,,,,,,
222,Florida,Miami-Dade,2020-08-31,156910.0,351.0,614.0,Monday,-170.0,15.90810754591347,,,,,,
223,Florida,Miami-Dade,2020-09-01,159059.0,2149.0,810.5714285714286,Tuesday,1798.0,21.00107078071499,,,,,,
224,Florida,Miami-Dade,2020-09-02,159400.0,341.0,752.1428571428571,Wednesday,-1808.0,19.48724667967297,,,,,,
225,Florida,Miami-Dade,2020-09-03,159978.0,578.0,745.8571428571429,Thursday,237.0,19.324390297164783,,,,,,
226,Florida,Miami-Dade,2020-09-04,160469.0,491.0,721.5714285714286,Friday,-87.0,18.69517245565587,,,,,,
227,Florida,Miami-Dade,2020-09-05,161018.0,549.0,711.4285714285714,Saturday,58.0,18.432381474790386,,,,,,
228,Florida,Miami-Dade,2020-09-06,161363.0,345.0,686.2857142857143,Sunday,-204.0,17.780955944757636,,,,,,
229,Florida,Miami-Dade,2020-09-07,161637.0,274.0,675.2857142857143,Monday,-71.0,17.495957275368305,,,,,,
230,Florida,Miami-Dade,2020-09-08,162026.0,389.0,423.85714285714283,Tuesday,115.0,10.981701975040778,,,,,,
231,Florida,Miami-Dade,2020-09-09,162433.0,407.0,433.2857142857143,Wednesday,18.0,11.22598654880306,,,,,,
232,Florida,Miami-Dade,2020-09-10,162894.0,461.0,416.57142857142856,Thursday,54.0,10.792936622588106,,,,,,
233,Florida,Miami-Dade,2020-09-11,163375.0,481.0,415.14285714285717,Friday,20.0,10.7559238083817,,,,,,
234,Florida,Miami-Dade,2020-09-12,163790.0,415.0,396.0,Saturday,-66.0,10.259952098015853,,,,,,
235,Florida,Miami-Dade,2020-09-13,164086.0,296.0,389.0,Sunday,-119.0,10.078589308404462,,,,,,
236,Florida,Miami-Dade,2020-09-14,164299.0,213.0,380.2857142857143,Monday,-83.0,9.852811141745384,,,,,,
237,Florida,Miami-Dade,2020-09-15,164688.0,389.0,380.2857142857143,Tuesday,176.0,9.852811141745384,,,,,,
238,Florida,Miami-Dade,2020-09-16,165147.0,459.0,387.7142857142857,Wednesday,70.0,10.045277775618697,,,,,,
239,Florida,Miami-Dade,2020-09-17,165595.0,448.0,385.85714285714283,Thursday,-11.0,9.997161117150368,,,,,,
240,Florida,Miami-Dade,2020-09-18,165980.0,385.0,372.14285714285717,Friday,-63.0,9.641838100768867,,,,,,
241,Florida,Miami-Dade,2020-09-19,166516.0,536.0,389.42857142857144,Saturday,151.0,10.089693152666385,,,,,,
242,Florida,Miami-Dade,2020-09-20,166881.0,365.0,399.2857142857143,Sunday,-171.0,10.345081570690589,,,,,,
243,Florida,Miami-Dade,2020-09-21,167153.0,272.0,407.7142857142857,Monday,-93.0,10.563457174508386,,,,,,
244,Florida,Miami-Dade,2020-09-22,167515.0,362.0,403.85714285714283,Tuesday,90.0,10.463522576151089,,,,,,
245,Florida,Miami-Dade,2020-09-23,167880.0,365.0,390.42857142857144,Wednesday,3.0,10.11560212261087,,,,,,
246,Florida,Miami-Dade,2020-09-24,168272.0,392.0,382.42857142857144,Thursday,27.0,9.908330363054993,,,,,,
247,Florida,Miami-Dade,2020-09-25,168775.0,503.0,399.2857142857143,Friday,111.0,10.345081570690589,,,,,,
248,Florida,Miami-Dade,2020-09-26,169144.0,369.0,375.42857142857144,Saturday,-134.0,9.726967573443602,,,,,,
249,Florida,Miami-Dade,2020-09-27,169426.0,282.0,363.57142857142856,Sunday,-87.0,9.419761215530428,,,,,,
250,Florida,Miami-Dade,2020-09-28,169466.0,40.0,330.42857142857144,Monday,-242.0,8.5610639259418,,,,,,
251,Florida,Miami-Dade,2020-09-29,170086.0,620.0,367.2857142857143,Tuesday,580.0,9.515994532467085,,,,,,
252,Florida,Miami-Dade,2020-09-30,170400.0,314.0,360.0,Wednesday,-306.0,9.327229180014413,,,,,,
253,Florida,Miami-Dade,2020-10-01,170882.0,482.0,372.85714285714283,Thursday,168.0,9.66034450787207,,,,,,
254,Florida,Miami-Dade,2020-10-02,171391.0,509.0,373.7142857142857,Friday,27.0,9.682552196395914,,,,,,
255,Florida,Miami-Dade,2020-10-03,171876.0,485.0,390.2857142857143,Saturday,-24.0,10.111900841190229,,,,,,
256,Florida,Miami-Dade,2020-10-04,172205.0,329.0,397.0,Sunday,-156.0,10.285861067960338,,,,,,
257,Florida,Miami-Dade,2020-10-05,172398.0,193.0,418.85714285714283,Monday,-136.0,10.852157125318357,,,,,,
258,Florida,Miami-Dade,2020-10-06,172849.0,451.0,394.7142857142857,Tuesday,258.0,10.226640565230088,,,,,,
259,Florida,Miami-Dade,2020-10-07,173280.0,431.0,411.42857142857144,Wednesday,-20.0,10.659690491445042,,,,,,
260,Florida,Miami-Dade,2020-10-08,173721.0,441.0,405.57142857142856,Thursday,10.0,10.507937953198777,,,,,,
261,Florida,Miami-Dade,2020-10-09,174112.0,391.0,388.7142857142857,Friday,-50.0,10.071186745563182,,,,,,
262,Florida,Miami-Dade,2020-10-10,174112.0,0.0,319.42857142857144,Saturday,-391.0,8.27606525655247,,,,,,
263,Florida,Miami-Dade,2020-10-11,175118.0,1006.0,416.14285714285717,Sunday,1006.0,10.781832778326184,,,,,,
264,Florida,Miami-Dade,2020-10-12,175397.0,279.0,428.42857142857144,Monday,-727.0,11.10014298050128,,,,,,
265,Florida,Miami-Dade,2020-10-13,175837.0,440.0,426.85714285714283,Tuesday,161.0,11.059428884874233,,,,,,
266,Florida,Miami-Dade,2020-10-14,176271.0,434.0,427.2857142857143,Wednesday,-6.0,11.070532729136154,,,,,,
267,Florida,Miami-Dade,2020-10-15,176809.0,538.0,441.14285714285717,Thursday,104.0,11.429557026938296,,,,,,
268,Florida,Miami-Dade,2020-10-16,177339.0,530.0,461.0,Friday,-8.0,11.944035144407346,,,,,,
269,Florida,Miami-Dade,2020-10-17,177893.0,554.0,540.1428571428571,Saturday,24.0,13.99454505144226,,,,,,
270,Florida,Miami-Dade,2020-10-18,178354.0,461.0,462.2857142857143,Sunday,-93.0,11.977346677193111,,,,,,
271,Florida,Miami-Dade,2020-10-19,178726.0,372.0,475.57142857142856,Monday,-89.0,12.321565849312691,,,,,,
272,Florida,Miami-Dade,2020-10-20,179286.0,560.0,492.7142857142857,Tuesday,188.0,12.765719619789568,,,,,,
273,Florida,Miami-Dade,2020-10-21,179644.0,358.0,481.85714285714283,Wednesday,-202.0,12.48442223182088,,,,,,
274,Florida,Miami-Dade,2020-10-22,180497.0,853.0,526.8571428571429,Thursday,495.0,13.650325879322681,,,,,,
275,Florida,Miami-Dade,2020-10-23,181017.0,520.0,525.4285714285714,Friday,-333.0,13.613313065116273,,,,,,
276,Florida,Miami-Dade,2020-10-24,181633.0,616.0,534.2857142857143,Saturday,96.0,13.842792513195993,,,,,,
277,Florida,Miami-Dade,2020-10-25,181942.0,309.0,512.5714285714286,Sunday,-307.0,13.280197737258616,,,,,,
278,Florida,Miami-Dade,2020-10-26,182523.0,581.0,542.4285714285714,Monday,272.0,14.05376555417251,,,,,,
279,Florida,Miami-Dade,2020-10-27,183250.0,727.0,566.2857142857143,Tuesday,146.0,14.671879551419497,,,,,,
280,Florida,Miami-Dade,2020-10-28,183996.0,746.0,621.7142857142857,Wednesday,19.0,16.107976742628065,,,,,,
281,Florida,Miami-Dade,2020-10-29,184669.0,673.0,596.0,Thursday,-73.0,15.44174608691275,,,,,,
282,Florida,Miami-Dade,2020-10-30,185552.0,883.0,647.8571428571429,Friday,210.0,16.785311242605303,,,,,,
283,Florida,Miami-Dade,2020-10-31,185891.0,339.0,608.2857142857143,Saturday,-544.0,15.760056289087846,,,,,,
284,Florida,Miami-Dade,2020-11-01,186809.0,918.0,695.2857142857143,Sunday,579.0,18.014136674257994,,,,,,
285,Florida,Miami-Dade,2020-11-02,187757.0,948.0,747.7142857142857,Monday,30.0,19.37250695563311,,,,,,
286,Florida,Miami-Dade,2020-11-03,188636.0,879.0,769.4285714285714,Tuesday,-69.0,19.935101731570487,,,,,,
287,Florida,Miami-Dade,2020-11-04,189332.0,696.0,762.2857142857143,Wednesday,-183.0,19.750037660538457,,,,,,
288,Florida,Miami-Dade,2020-11-05,190728.0,1396.0,865.5714285714286,Thursday,700.0,22.426064127661636,,,,,,
289,Florida,Miami-Dade,2020-11-06,191838.0,1110.0,898.0,Friday,-286.0,23.266255010147063,,,,,,
290,Florida,Miami-Dade,2020-11-07,192646.0,808.0,965.0,Saturday,-302.0,25.002155996427522,,,,,,
291,Florida,Miami-Dade,2020-11-08,194356.0,1710.0,1078.142857142857,Sunday,902.0,27.93357088157491,,,,,,
292,Florida,Miami-Dade,2020-11-09,194879.0,523.0,1017.4285714285714,Monday,-1187.0,26.360526277802638,,,,,,
293,Florida,Miami-Dade,2020-11-10,195273.0,394.0,948.1428571428571,Tuesday,-129.0,24.565404788791927,,,,,,
294,Florida,Miami-Dade,2020-11-11,195991.0,718.0,951.2857142857143,Wednesday,324.0,24.64683298004602,,,,,,
295,Florida,Miami-Dade,2020-11-12,197196.0,1205.0,924.0,Thursday,487.0,23.93988822870366,,,,,,
296,Florida,Miami-Dade,2020-11-13,199072.0,1876.0,1033.4285714285713,Friday,671.0,26.77506979691439,,,,,,
297,Florida,Miami-Dade,2020-11-14,200259.0,1187.0,1087.5714285714287,Saturday,-689.0,28.17785545533719,,,,,,
298,Florida,Miami-Dade,2020-11-15,202644.0,2385.0,1184.0,Sunday,1198.0,30.676220414269626,,,,,,
299,Florida,Miami-Dade,2020-11-16,203654.0,1010.0,1253.5714285714287,Monday,-1375.0,32.47874446612162,,,,,,
300,Florida,Miami-Dade,2020-11-17,205536.0,1882.0,1466.142857142857,Tuesday,872.0,37.98625122003489,,,,,,
301,Florida,Miami-Dade,2020-11-18,207221.0,1685.0,1604.2857142857142,Wednesday,-197.0,41.565390353794385,,,,,,
302,Florida,Miami-Dade,2020-11-19,209166.0,1945.0,1710.0,Thursday,260.0,44.30433860506846,,,,,,
303,Florida,Miami-Dade,2020-11-20,211257.0,2091.0,1740.7142857142858,Friday,146.0,45.1001141105062,,,,,,
304,Florida,Miami-Dade,2020-11-21,213197.0,1940.0,1848.2857142857142,Saturday,-151.0,47.8871790202486,,,,,,
305,Florida,Miami-Dade,2020-11-22,214943.0,1746.0,1757.0,Sunday,-194.0,45.52206019245923,,,,,,
306,Florida,Miami-Dade,2020-11-23,216442.0,1499.0,1826.857142857143,Monday,-247.0,47.331986807152504,,,,,,
307,Florida,Miami-Dade,2020-11-24,218294.0,1852.0,1822.5714285714287,Tuesday,353.0,47.220948364533285,,,,,,
308,Florida,Miami-Dade,2020-11-25,220414.0,2120.0,1884.7142857142858,Wednesday,268.0,48.831005782511966,,,,,,
309,Florida,Miami-Dade,2020-11-26,220414.0,0.0,1606.857142857143,Thursday,-2120.0,41.63201341936592,,,,,,
310,Florida,Miami-Dade,2020-11-27,224166.0,3752.0,1844.142857142857,Friday,3752.0,47.77984185905002,,,,,,
311,Florida,Miami-Dade,2020-11-28,225632.0,1466.0,1776.4285714285713,Saturday,-2286.0,46.02543446566636,,,,,,
312,Florida,Miami-Dade,2020-11-29,227656.0,2024.0,1816.142857142857,Sunday,558.0,47.05439070060446,,,,,,
313,Florida,Miami-Dade,2020-11-30,229618.0,1962.0,1882.2857142857142,Monday,-62.0,48.76808399836107,,,,,,
314,Florida,Miami-Dade,2020-12-01,231761.0,2143.0,1923.857142857143,Tuesday,181.0,49.8451568917675,,,,,,
315,Florida,Miami-Dade,2020-12-02,234054.0,2293.0,1948.5714285714287,Wednesday,150.0,50.48547857753833,,,,,,
316,Florida,Miami-Dade,2020-12-03,236308.0,2254.0,2270.5714285714284,Thursday,-39.0,58.828166899662335,,,,,,
317,Florida,Miami-Dade,2020-12-04,238813.0,2505.0,2092.4285714285716,Friday,251.0,54.21266896812345,,,,,,
318,Florida,Miami-Dade,2020-12-05,241051.0,2238.0,2202.714285714286,Saturday,-267.0,57.07005822485803,,,,,,
319,Florida,Miami-Dade,2020-12-06,243050.0,1999.0,2199.1428571428573,Sunday,-239.0,56.977526189342015,,,,,,
320,Florida,Miami-Dade,2020-12-07,245064.0,2014.0,2206.5714285714284,Monday,15.0,57.169992823215324,,,,,,
321,Florida,Miami-Dade,2020-12-08,246915.0,1851.0,2164.8571428571427,Tuesday,-163.0,56.08921864838826,,,,,,
322,Florida,Miami-Dade,2020-12-09,249043.0,2128.0,2141.285714285714,Wednesday,277.0,55.47850721398255,,,,,,
323,Florida,Miami-Dade,2020-12-10,251283.0,2240.0,2139.285714285714,Thursday,112.0,55.42668927409358,,,,,,
324,Florida,Miami-Dade,2020-12-11,253403.0,2120.0,2084.285714285714,Friday,-120.0,54.00169592714694,,,,,,
325,Florida,Miami-Dade,2020-12-12,255462.0,2059.0,2058.714285714286,Saturday,-61.0,53.33916655285226,,,,,,
326,Florida,Miami-Dade,2020-12-13,257857.0,2395.0,2115.285714285714,Sunday,336.0,54.80487399542596,,,,,,
327,Florida,Miami-Dade,2020-12-14,260138.0,2281.0,2153.4285714285716,Monday,-114.0,55.793116134737005,,,,,,
328,Florida,Miami-Dade,2020-12-15,262298.0,2160.0,2197.5714285714284,Tuesday,-121.0,56.93681209371496,,,,,,
329,Florida,Miami-Dade,2020-12-16,264673.0,2375.0,2232.8571428571427,Wednesday,215.0,57.851028604613205,,,,,,
330,Florida,Miami-Dade,2020-12-17,267255.0,2582.0,2281.714285714286,Thursday,207.0,59.1168668504723,,,,,,
331,Florida,Miami-Dade,2020-12-18,269716.0,2461.0,2330.4285714285716,Friday,-121.0,60.37900381491076,,,,,,
332,Florida,Miami-Dade,2020-12-19,272098.0,2382.0,2376.5714285714284,Saturday,-79.0,61.57451771377769,,,,,,
333,Florida,Miami-Dade,2020-12-20,274117.0,2019.0,2322.8571428571427,Sunday,-363.0,60.182835899616805,,,,,,
334,Florida,Miami-Dade,2020-12-21,276414.0,2297.0,2325.1428571428573,Monday,278.0,60.24205640234705,,,,,,
335,Florida,Miami-Dade,2020-12-22,278739.0,2325.0,2348.714285714286,Tuesday,28.0,60.85276783675276,,,,,,
336,Florida,Miami-Dade,2020-12-23,280982.0,2243.0,2329.8571428571427,Wednesday,-82.0,60.364198689228196,,,,,,
337,Florida,Miami-Dade,2020-12-24,283285.0,2303.0,2290.0,Thursday,60.0,59.33154117286946,,,,,,
338,Florida,Miami-Dade,2020-12-25,283285.0,0.0,1938.4285714285713,Friday,-2303.0,50.22268759667284,12086,52.0,Miami-Dade County,0.0,0.0,0.0
339,Florida,Miami-Dade,2020-12-26,286662.0,3377.0,2080.5714285714284,Saturday,3377.0,53.90546261021028,12086,52.0,Miami-Dade County,0.0,0.6,0.0
340,Florida,Miami-Dade,2020-12-27,288306.0,1644.0,2027.0,Sunday,-1733.0,52.51748207747004,12086,53.0,Miami-Dade County,0.0,0.6,0.0
341,Florida,Miami-Dade,2020-12-28,290363.0,2057.0,1992.7142857142858,Monday,413.0,51.62917453651629,12086,53.0,Miami-Dade County,0.0,0.7,0.0
342,Florida,Miami-Dade,2020-12-29,293188.0,2825.0,2064.1428571428573,Tuesday,768.0,53.47981524683661,12086,53.0,Miami-Dade County,0.0,0.7,0.0
343,Florida,Miami-Dade,2020-12-30,295936.0,2748.0,2136.285714285714,Wednesday,-77.0,55.34896236426013,12086,53.0,Miami-Dade County,0.0,0.9,0.0
344,Florida,Miami-Dade,2020-12-31,298873.0,2937.0,2226.8571428571427,Thursday,189.0,57.695574784946295,12086,53.0,Miami-Dade County,0.0,1.0,0.0
345,Florida,Miami-Dade,2021-01-01,298873.0,0.0,2226.8571428571427,Friday,-2937.0,57.695574784946295,12086,53.0,Miami-Dade County,0.0,1.1,0.0
346,Florida,Miami-Dade,2021-01-02,304187.0,5314.0,2503.5714285714284,Saturday,5314.0,64.86495689672722,12086,53.0,Miami-Dade County,0.0,1.1,0.0
347,Florida,Miami-Dade,2021-01-03,305734.0,1547.0,2489.714285714286,Sunday,-3767.0,64.50593259892507,12086,1.0,Miami-Dade County,0.0,1.1,0.0
348,Florida,Miami-Dade,2021-01-04,308259.0,2525.0,2556.5714285714284,Monday,978.0,66.2381323037849,12086,1.0,Miami-Dade County,0.0,1.1,0.0
349,Florida,Miami-Dade,2021-01-05,311606.0,3347.0,2631.1428571428573,Tuesday,822.0,68.1702012053593,12086,1.0,Miami-Dade County,0.0,1.3,0.0
350,Florida,Miami-Dade,2021-01-06,314742.0,3136.0,2686.5714285714284,Wednesday,-211.0,69.60629839656788,12086,1.0,Miami-Dade County,0.1,1.4,0.1
351,Florida,Miami-Dade,2021-01-07,318115.0,3373.0,2748.8571428571427,Thursday,237.0,71.22005709596719,12086,1.0,Miami-Dade County,0.2,1.7,0.2
352,Florida,Miami-Dade,2021-01-08,321555.0,3440.0,3240.285714285714,Friday,67.0,83.952465182971,12086,1.0,Miami-Dade County,0.3,1.9,0.3
353,Florida,Miami-Dade,2021-01-09,324260.0,2705.0,2867.5714285714284,Saturday,-735.0,74.29582195651956,12086,1.0,Miami-Dade County,0.3,2.2,0.4
354,Florida,Miami-Dade,2021-01-10,326607.0,2347.0,2981.8571428571427,Sunday,-358.0,77.25684709303208,12086,2.0,Miami-Dade County,0.4,2.4,0.4
355,Florida,Miami-Dade,2021-01-11,328701.0,2094.0,2920.285714285714,Monday,-253.0,75.66159480073597,12086,2.0,Miami-Dade County,0.4,2.6,0.4
356,Florida,Miami-Dade,2021-01-12,331649.0,2948.0,2863.285714285714,Tuesday,854.0,74.18478351390034,12086,2.0,Miami-Dade County,0.4,2.6,0.4
357,Florida,Miami-Dade,2021-01-13,334217.0,2568.0,2782.1428571428573,Wednesday,-380.0,72.08245566697646,12086,2.0,Miami-Dade County,0.4,3.2,0.5
358,Florida,Miami-Dade,2021-01-14,336749.0,2532.0,2662.0,Thursday,-36.0,68.96967799221768,12086,2.0,Miami-Dade County,0.5,3.5,0.6
359,Florida,Miami-Dade,2021-01-15,339434.0,2685.0,2554.1428571428573,Friday,153.0,66.175210519634,12086,2.0,Miami-Dade County,0.5,3.8,0.6
360,Florida,Miami-Dade,2021-01-16,341842.0,2408.0,2511.714285714286,Saturday,-277.0,65.07592993770373,12086,2.0,Miami-Dade County,0.6,4.1,0.6
361,Florida,Miami-Dade,2021-01-17,344246.0,2404.0,2519.8571428571427,Sunday,-4.0,65.28690297868025,12086,3.0,Miami-Dade County,0.6,4.4,0.7
362,Florida,Miami-Dade,2021-01-18,346090.0,1844.0,2484.1428571428573,Monday,-560.0,64.36158262352009,12086,3.0,Miami-Dade County,0.6,4.5,0.7
363,Florida,Miami-Dade,2021-01-19,347965.0,1875.0,2330.8571428571427,Tuesday,31.0,60.390107659172685,12086,3.0,Miami-Dade County,0.6,4.7,0.7
364,Florida,Miami-Dade,2021-01-20,350252.0,2287.0,2290.714285714286,Wednesday,412.0,59.35004757997266,12086,3.0,Miami-Dade County,0.7,4.9,0.8
365,Florida,Miami-Dade,2021-01-21,352405.0,2153.0,2236.5714285714284,Thursday,-134.0,57.94726192154986,12086,3.0,Miami-Dade County,0.8,5.2,0.9
366,Florida,Miami-Dade,2021-01-22,354704.0,2299.0,2181.4285714285716,Friday,146.0,56.51856729318257,12086,3.0,Miami-Dade County,0.9,5.4,1.0
367,Florida,Miami-Dade,2021-01-23,357038.0,2334.0,2170.8571428571427,Saturday,35.0,56.244672468055164,12086,3.0,Miami-Dade County,0.9,5.6,1.1
368,Florida,Miami-Dade,2021-01-24,358801.0,1763.0,2079.285714285714,Sunday,-571.0,53.87215107742451,12086,4.0,Miami-Dade County,0.9,5.8,1.1
369,Florida,Miami-Dade,2021-01-25,360831.0,2030.0,2105.8571428571427,Monday,267.0,54.56058942166367,12086,4.0,Miami-Dade County,0.9,5.9,1.1
370,Florida,Miami-Dade,2021-01-26,362601.0,1770.0,2090.8571428571427,Tuesday,-260.0,54.17195487249641,12086,4.0,Miami-Dade County,1.0,6.0,1.2
371,Florida,Miami-Dade,2021-01-27,364123.0,1522.0,1981.5714285714287,Wednesday,-248.0,51.34047458570632,12086,4.0,Miami-Dade County,1.2,6.1,1.4
372,Florida,Miami-Dade,2021-01-28,366127.0,2004.0,1960.2857142857142,Thursday,482.0,50.788983654030865,12086,4.0,Miami-Dade County,1.4,6.3,1.6
373,Florida,Miami-Dade,2021-01-29,368137.0,2010.0,1919.0,Friday,6.0,49.71931332346572,12086,4.0,Miami-Dade County,1.6,6.5,1.8
374,Florida,Miami-Dade,2021-01-30,370642.0,2505.0,1943.4285714285713,Saturday,495.0,50.35223244639527,12086,4.0,Miami-Dade County,1.8,6.6,2.1
375,Florida,Miami-Dade,2021-01-31,372120.0,1478.0,1902.7142857142858,Sunday,-1027.0,49.29736724151268,12086,5.0,Miami-Dade County,1.9,6.6,2.2
376,Florida,Miami-Dade,2021-02-01,373423.0,1303.0,1798.857142857143,Monday,-175.0,46.60653564870694,12086,5.0,Miami-Dade County,2.1,6.7,2.4
377,Florida,Miami-Dade,2021-02-02,375322.0,1899.0,1817.2857142857142,Tuesday,596.0,47.08400095196958,12086,5.0,Miami-Dade County,2.3,6.8,2.6
378,Florida,Miami-Dade,2021-02-03,376552.0,1230.0,1775.5714285714287,Wednesday,-669.0,46.003226777142515,12086,5.0,Miami-Dade County,2.5,6.9,2.9
379,Florida,Miami-Dade,2021-02-04,377999.0,1447.0,1696.0,Thursday,217.0,43.941613025845676,12086,5.0,Miami-Dade County,2.6,7.0,3.0
380,Florida,Miami-Dade,2021-02-05,380716.0,2717.0,1797.0,Friday,1270.0,46.55841899023861,12086,5.0,Miami-Dade County,2.9,7.1,3.3
381,Florida,Miami-Dade,2021-02-06,382186.0,1470.0,1649.142857142857,Saturday,-1247.0,42.727592719875545,12086,5.0,Miami-Dade County,3.2,7.3,3.7
382,Florida,Miami-Dade,2021-02-07,383601.0,1415.0,1640.142857142857,Sunday,-55.0,42.49441199037519,12086,6.0,Miami-Dade County,3.3,7.4,3.8
383,Florida,Miami-Dade,2021-02-08,384971.0,1370.0,1649.7142857142858,Monday,-45.0,42.74239784555811,12086,6.0,Miami-Dade County,3.6,7.5,4.2
384,Florida,Miami-Dade,2021-02-09,386425.0,1454.0,1586.142857142857,Tuesday,84.0,41.09532761337302,12086,6.0,Miami-Dade County,3.9,7.7,4.5
385,Florida,Miami-Dade,2021-02-10,387940.0,1515.0,1626.857142857143,Wednesday,61.0,42.15019281825561,12086,6.0,Miami-Dade County,4.1,7.9,4.7
386,Florida,Miami-Dade,2021-02-11,389519.0,1579.0,1645.7142857142858,Thursday,64.0,42.63876196578017,12086,6.0,Miami-Dade County,4.3,8.1,5.0
387,Florida,Miami-Dade,2021-02-12,391162.0,1643.0,1492.2857142857142,Friday,64.0,38.66358572001212,12086,6.0,Miami-Dade County,4.6,8.3,5.3
388,Florida,Miami-Dade,2021-02-13,392842.0,1680.0,1522.2857142857142,Saturday,37.0,39.44085481834666,12086,6.0,Miami-Dade County,4.8,8.6,5.5
389,Florida,Miami-Dade,2021-02-14,393971.0,1129.0,1481.4285714285713,Sunday,-551.0,38.38228833204344,12086,7.0,Miami-Dade County,4.9,8.8,5.7
390,Florida,Miami-Dade,2021-02-15,394492.0,521.0,1360.142857142857,Monday,-608.0,35.239900405919535,12086,7.0,Miami-Dade County,5.0,8.9,5.8
391,Florida,Miami-Dade,2021-02-16,395828.0,1336.0,1343.2857142857142,Tuesday,815.0,34.80314919828394,12086,7.0,Miami-Dade County,5.1,9.2,5.9
392,Florida,Miami-Dade,2021-02-17,397226.0,1398.0,1326.5714285714287,Wednesday,62.0,34.370099272068984,12086,7.0,Miami-Dade County,5.2,9.3,6.0
393,Florida,Miami-Dade,2021-02-18,398043.0,817.0,1217.7142857142858,Thursday,-581.0,31.549722829540816,12086,7.0,Miami-Dade County,5.4,9.5,6.2
394,Florida,Miami-Dade,2021-02-19,399593.0,1550.0,1204.4285714285713,Friday,733.0,31.205503657421236,12086,7.0,Miami-Dade County,5.8,9.8,6.7
395,Florida,Miami-Dade,2021-02-20,401137.0,1544.0,1185.0,Saturday,-6.0,30.70212938421411,12086,7.0,Miami-Dade County,5.9,10.0,6.8
396,Florida,Miami-Dade,2021-02-21,402265.0,1128.0,1184.857142857143,Sunday,-416.0,30.698428102793468,12086,8.0,Miami-Dade County,6.0,10.1,7.0
397,Florida,Miami-Dade,2021-02-22,403259.0,994.0,1252.4285714285713,Monday,-134.0,32.44913421475649,12086,8.0,Miami-Dade County,6.0,10.1,7.0
398,Florida,Miami-Dade,2021-02-23,404499.0,1240.0,1238.7142857142858,Tuesday,246.0,32.093811198374986,12086,8.0,Miami-Dade County,6.2,10.5,7.2
399,Florida,Miami-Dade,2021-02-24,405563.0,1064.0,1191.0,Wednesday,-176.0,30.857583203881017,12086,8.0,Miami-Dade County,6.3,10.7,7.3
400,Florida,Miami-Dade,2021-02-25,406987.0,1424.0,1277.7142857142858,Thursday,360.0,33.10426102620988,12086,8.0,Miami-Dade County,6.5,11.0,7.5
401,Florida,Miami-Dade,2021-02-26,408096.0,1109.0,1214.7142857142858,Friday,-315.0,31.47199591970736,12086,8.0,Miami-Dade County,6.6,11.3,7.7
402,Florida,Miami-Dade,2021-02-27,409216.0,1120.0,1154.142857142857,Saturday,11.0,29.90265259735573,12086,8.0,Miami-Dade County,6.8,11.7,7.8
403,Florida,Miami-Dade,2021-02-28,410717.0,1501.0,1207.4285714285713,Sunday,381.0,31.28323056725469,12086,9.0,Miami-Dade County,6.9,12.1,8.0
404,Florida,Miami-Dade,2021-03-01,410952.0,235.0,1099.0,Monday,-1266.0,28.473957968988444,12086,9.0,Miami-Dade County,6.9,12.3,8.0
405,Florida,Miami-Dade,2021-03-02,412908.0,1956.0,1201.2857142857142,Tuesday,1721.0,31.12407546616714,12086,9.0,Miami-Dade County,7.1,12.8,8.2
406,Florida,Miami-Dade,2021-03-03,414776.0,1868.0,1316.142857142857,Wednesday,-88.0,34.09990572836222,12086,9.0,Miami-Dade County,7.3,13.3,8.5
407,Florida,Miami-Dade,2021-03-04,416021.0,1245.0,1290.5714285714287,Thursday,-623.0,33.43737635406754,12086,9.0,Miami-Dade County,7.5,13.7,8.7
408,Florida,Miami-Dade,2021-03-05,417447.0,1426.0,1335.857142857143,Friday,181.0,34.610682564410624,12086,9.0,Miami-Dade County,7.7,14.3,8.9
409,Florida,Miami-Dade,2021-03-06,418411.0,964.0,1313.5714285714287,Saturday,-462.0,34.03328266279068,12086,9.0,Miami-Dade County,7.9,14.9,9.1
410,Florida,Miami-Dade,2021-03-07,419479.0,1068.0,1251.7142857142858,Sunday,104.0,32.43062780765329,12086,10.0,Miami-Dade County,8.1,15.4,9.3
411,Florida,Miami-Dade,2021-03-08,420340.0,861.0,1341.142857142857,Monday,-207.0,34.74762997697433,12086,10.0,Miami-Dade County,8.2,15.8,9.5
412,Florida,Miami-Dade,2021-03-09,421433.0,1093.0,1217.857142857143,Tuesday,232.0,31.553424110961455,12086,10.0,Miami-Dade County,8.3,16.2,9.6
413,Florida,Miami-Dade,2021-03-10,422540.0,1107.0,1109.142857142857,Wednesday,14.0,28.73674894985393,12086,10.0,Miami-Dade County,8.5,16.7,9.8
414,Florida,Miami-Dade,2021-03-11,423714.0,1174.0,1099.0,Thursday,67.0,28.473957968988444,12086,10.0,Miami-Dade County,8.8,17.6,10.2
415,Florida,Miami-Dade,2021-03-12,424903.0,1189.0,1065.142857142857,Friday,15.0,27.59675427229661,12086,10.0,Miami-Dade County,9.1,18.5,10.6
416,Florida,Miami-Dade,2021-03-13,426149.0,1246.0,1105.4285714285713,Saturday,57.0,28.64051563291727,12086,10.0,Miami-Dade County,9.5,19.0,10.9
417,Florida,Miami-Dade,2021-03-14,426900.0,751.0,1060.142857142857,Sunday,-495.0,27.46720942257419,12086,11.0,Miami-Dade County,9.7,19.5,11.2
418,Florida,Miami-Dade,2021-03-15,427600.0,700.0,1037.142857142857,Monday,-51.0,26.871303113851045,12086,11.0,Miami-Dade County,9.9,19.8,11.5
419,Florida,Miami-Dade,2021-03-16,428873.0,1273.0,1062.857142857143,Tuesday,573.0,27.537533769566362,12086,11.0,Miami-Dade County,10.2,20.3,11.8
420,Florida,Miami-Dade,2021-03-17,429834.0,961.0,1042.0,Wednesday,-312.0,26.997146682152827,12086,11.0,Miami-Dade County,10.2,20.3,11.8
421,Florida,Miami-Dade,2021-03-18,430942.0,1108.0,1032.5714285714287,Thursday,147.0,26.752862108390545,12086,11.0,Miami-Dade County,10.6,21.6,12.2
422,Florida,Miami-Dade,2021-03-19,432177.0,1235.0,1039.142857142857,Friday,127.0,26.923121053740015,12086,11.0,Miami-Dade County,10.6,21.6,12.2
423,Florida,Miami-Dade,2021-03-20,433452.0,1275.0,1043.2857142857142,Saturday,40.0,27.030458214938594,12086,11.0,Miami-Dade County,11.1,22.8,12.9
424,Florida,Miami-Dade,2021-03-21,434352.0,900.0,1064.5714285714287,Sunday,-375.0,27.58194914661405,12086,12.0,Miami-Dade County,11.5,23.4,13.3
425,Florida,Miami-Dade,2021-03-22,435135.0,783.0,1076.4285714285713,Monday,-117.0,27.889155504527224,12086,12.0,Miami-Dade County,11.8,23.7,13.6
426,Florida,Miami-Dade,2021-03-23,436394.0,1259.0,1074.4285714285713,Tuesday,476.0,27.837337564638254,12086,12.0,Miami-Dade County,12.2,24.2,14.1
427,Florida,Miami-Dade,2021-03-24,437452.0,1058.0,1088.2857142857142,Wednesday,-201.0,28.196361862440394,12086,12.0,Miami-Dade County,12.2,24.2,14.1
428,Florida,Miami-Dade,2021-03-25,438704.0,1252.0,1108.857142857143,Thursday,194.0,28.729346387012647,12086,12.0,Miami-Dade County,12.6,24.7,14.5
429,Florida,Miami-Dade,2021-03-26,439970.0,1266.0,1113.2857142857142,Friday,14.0,28.84408611105251,12086,12.0,Miami-Dade County,13.1,25.3,15.1
430,Florida,Miami-Dade,2021-03-27,441275.0,1305.0,1117.5714285714287,Saturday,39.0,28.955124553671727,12086,12.0,Miami-Dade County,13.6,25.8,15.7
431,Florida,Miami-Dade,2021-03-28,442337.0,1062.0,1140.7142857142858,Sunday,-243.0,29.55473214381551,12086,13.0,Miami-Dade County,14.0,26.5,16.2
432,Florida,Miami-Dade,2021-03-29,443207.0,870.0,1153.142857142857,Monday,-192.0,29.876743627411248,12086,13.0,Miami-Dade County,14.5,27.1,16.8
433,Florida,Miami-Dade,2021-03-30,444487.0,1280.0,1156.142857142857,Tuesday,410.0,29.9544705372447,12086,13.0,Miami-Dade County,14.8,27.4,17.1
434,Florida,Miami-Dade,2021-03-31,445464.0,977.0,1144.5714285714287,Wednesday,-303.0,29.654666742172807,12086,13.0,Miami-Dade County,15.4,28.0,17.8
435,Florida,Miami-Dade,2021-04-01,447042.0,1578.0,1191.142857142857,Thursday,601.0,30.861284485301656,12086,13.0,Miami-Dade County,16.0,28.4,18.6
436,Florida,Miami-Dade,2021-04-02,448479.0,1437.0,1215.5714285714287,Friday,-141.0,31.494203608231206,12086,13.0,Miami-Dade County,16.6,29.0,19.2
437,Florida,Miami-Dade,2021-04-03,449891.0,1412.0,1230.857142857143,Saturday,-25.0,31.890240720239753,12086,13.0,Miami-Dade County,17.1,29.4,19.8
438,Florida,Miami-Dade,2021-04-04,451019.0,1128.0,1240.2857142857142,Sunday,-284.0,32.13452529400204,12086,14.0,Miami-Dade County,17.6,29.9,20.4
439,Florida,Miami-Dade,2021-04-05,451829.0,810.0,1231.7142857142858,Monday,-318.0,31.9124484087636,12086,14.0,Miami-Dade County,17.9,30.3,20.7
440,Florida,Miami-Dade,2021-04-06,453345.0,1516.0,1265.4285714285713,Tuesday,706.0,32.78595082403479,12086,14.0,Miami-Dade County,18.4,30.7,21.3
441,Florida,Miami-Dade,2021-04-07,454405.0,1060.0,1277.2857142857142,Wednesday,-456.0,33.093157181947966,12086,14.0,Miami-Dade County,19.0,31.7,22.0
442,Florida,Miami-Dade,2021-04-08,456317.0,1912.0,1325.0,Thursday,852.0,34.32938517644194,12086,14.0,Miami-Dade County,19.3,32.0,22.4
443,Florida,Miami-Dade,2021-04-09,457918.0,1601.0,1348.4285714285713,Friday,-311.0,34.936395329427,12086,14.0,Miami-Dade County,20.9,33.6,24.1
444,Florida,Miami-Dade,2021-04-10,459493.0,1575.0,1371.7142857142858,Saturday,-26.0,35.53970420099142,12086,14.0,Miami-Dade County,21.6,34.5,25.0
445,Florida,Miami-Dade,2021-04-11,460653.0,1160.0,1376.2857142857142,Sunday,-415.0,35.65814520645193,12086,15.0,Miami-Dade County,22.1,35.2,25.6
446,Florida,Miami-Dade,2021-04-12,461041.0,388.0,1316.0,Monday,-772.0,34.09620444694158,12086,15.0,Miami-Dade County,22.5,35.7,26.0
447,Florida,Miami-Dade,2021-04-13,463365.0,2324.0,1431.4285714285713,Tuesday,1936.0,37.086839834819216,12086,15.0,Miami-Dade County,22.5,35.7,26.0
448,Florida,Miami-Dade,2021-04-14,464557.0,1192.0,1450.2857142857142,Wednesday,-1132.0,37.575408982343774,12086,15.0,Miami-Dade County,23.7,37.5,27.4
449,Florida,Miami-Dade,2021-04-15,466000.0,1443.0,1383.2857142857142,Thursday,251.0,35.83950799606332,12086,15.0,Miami-Dade County,23.7,37.5,27.4
450,Florida,Miami-Dade,2021-04-16,467464.0,1464.0,1363.7142857142858,Friday,21.0,35.33243244143555,12086,15.0,Miami-Dade County,24.5,38.6,28.3
451,Florida,Miami-Dade,2021-04-17,468908.0,1444.0,1345.0,Saturday,-20.0,34.847564575331624,12086,15.0,Miami-Dade County,24.8,39.1,28.7
452,Florida,Miami-Dade,2021-04-18,470668.0,1760.0,1430.7142857142858,Sunday,316.0,37.06833342771601,12086,16.0,Miami-Dade County,25.6,40.3,29.6
453,Florida,Miami-Dade,2021-04-19,471595.0,927.0,1507.7142857142858,Monday,-833.0,39.06332411344131,12086,16.0,Miami-Dade County,25.8,40.8,29.9
454,Florida,Miami-Dade,2021-04-20,472941.0,1346.0,1368.0,Tuesday,419.0,35.44347088405477,12086,16.0,Miami-Dade County,25.9,40.9,29.9
455,Florida,Miami-Dade,2021-04-21,474069.0,1128.0,1358.857142857143,Wednesday,-218.0,35.20658887313377,12086,16.0,Miami-Dade County,26.2,41.3,30.3
456,Florida,Miami-Dade,2021-04-22,475231.0,1162.0,1318.7142857142858,Thursday,34.0,34.16652879393375,12086,16.0,Miami-Dade County,27.2,42.3,31.4
457,Florida,Miami-Dade,2021-04-23,476286.0,1055.0,1260.2857142857142,Friday,-107.0,32.652704692891724,12086,16.0,Miami-Dade County,27.2,42.3,31.4
458,Florida,Miami-Dade,2021-04-24,477782.0,1496.0,1267.7142857142858,Saturday,441.0,32.84517132676504,12086,16.0,Miami-Dade County,28.3,43.3,32.7
459,Florida,Miami-Dade,2021-04-25,478660.0,878.0,1141.7142857142858,Sunday,-618.0,29.580641113759995,12086,17.0,Miami-Dade County,28.3,43.3,32.7
460,Florida,Miami-Dade,2021-04-26,479426.0,766.0,1118.7142857142858,Monday,-112.0,28.98473480503685,12086,17.0,Miami-Dade County,29.0,44.2,33.6
461,Florida,Miami-Dade,2021-04-27,480483.0,1057.0,1077.4285714285713,Tuesday,291.0,27.915064474471706,12086,17.0,Miami-Dade County,29.5,44.7,34.1
462,Florida,Miami-Dade,2021-04-28,481397.0,914.0,1046.857142857143,Wednesday,-143.0,27.12299025045461,12086,17.0,Miami-Dade County,29.5,44.7,34.1
463,Florida,Miami-Dade,2021-04-29,482443.0,1046.0,1030.2857142857142,Thursday,132.0,26.693641605660297,12086,17.0,Miami-Dade County,30.4,45.5,35.1
464,Florida,Miami-Dade,2021-04-30,483371.0,928.0,1012.1428571428571,Friday,-118.0,26.223578865238935,12086,17.0,Miami-Dade County,30.5,45.6,35.3
465,Florida,Miami-Dade,2021-05-01,484514.0,1143.0,961.7142857142857,Saturday,215.0,24.91702652375279,12086,17.0,Miami-Dade County,31.3,46.3,36.1
466,Florida,Miami-Dade,2021-05-02,485300.0,786.0,948.5714285714286,Sunday,-357.0,24.576508633053848,12086,18.0,Miami-Dade County,31.5,46.5,36.4
467,Florida,Miami-Dade,2021-05-03,486025.0,725.0,942.7142857142857,Monday,-61.0,24.424756094807584,12086,18.0,Miami-Dade County,31.7,46.7,36.7
468,Florida,Miami-Dade,2021-05-04,486808.0,783.0,903.5714285714286,Tuesday,58.0,23.410604985552048,12086,18.0,Miami-Dade County,32.1,47.0,37.1
469,Florida,Miami-Dade,2021-05-05,487544.0,736.0,878.1428571428571,Wednesday,-47.0,22.751776892678013,12086,18.0,Miami-Dade County,32.7,47.6,37.8
470,Florida,Miami-Dade,2021-05-06,488303.0,759.0,837.1428571428571,Thursday,23.0,21.68950912495415,12086,18.0,Miami-Dade County,32.7,47.6,37.8
471,Florida,Miami-Dade,2021-05-07,489014.0,711.0,806.1428571428571,Friday,-48.0,20.886331056675132,12086,18.0,Miami-Dade County,34.2,48.5,39.6
472,Florida,Miami-Dade,2021-05-08,489839.0,825.0,760.7142857142857,Saturday,114.0,19.709323564911408,12086,18.0,Miami-Dade County,35.0,48.8,40.4
473,Florida,Miami-Dade,2021-05-09,490499.0,660.0,742.7142857142857,Sunday,-165.0,19.24296210591069,12086,19.0,Miami-Dade County,35.0,48.8,40.4
474,Florida,Miami-Dade,2021-05-10,491028.0,529.0,714.7142857142857,Monday,-131.0,18.517510947465123,12086,19.0,Miami-Dade County,36.6,49.6,42.3
475,Florida,Miami-Dade,2021-05-11,491703.0,675.0,699.2857142857143,Tuesday,146.0,18.117772554035934,12086,19.0,Miami-Dade County,37.1,49.9,42.9
476,Florida,Miami-Dade,2021-05-12,492232.0,529.0,669.7142857142857,Wednesday,-146.0,17.35160729996332,12086,19.0,Miami-Dade County,37.6,50.3,43.5
477,Florida,Miami-Dade,2021-05-13,493007.0,775.0,672.0,Thursday,246.0,17.41082780269357,12086,19.0,Miami-Dade County,38.0,50.6,44.0
478,Florida,Miami-Dade,2021-05-14,493723.0,716.0,672.7142857142857,Friday,-59.0,17.429334209796775,12086,19.0,Miami-Dade County,38.6,51.0,44.6
479,Florida,Miami-Dade,2021-05-15,494374.0,651.0,647.8571428571429,Saturday,-65.0,16.785311242605303,12086,19.0,Miami-Dade County,39.2,51.4,45.3
480,Florida,Miami-Dade,2021-05-16,494903.0,529.0,629.1428571428571,Sunday,-122.0,16.300443376501377,12086,20.0,Miami-Dade County,39.6,51.9,45.8
481,Florida,Miami-Dade,2021-05-17,495367.0,464.0,619.8571428571429,Monday,-65.0,16.059860084159737,12086,20.0,Miami-Dade County,39.9,52.1,46.1
482,Florida,Miami-Dade,2021-05-18,495921.0,554.0,602.5714285714286,Tuesday,90.0,15.61200503226222,12086,20.0,Miami-Dade County,40.2,52.5,46.5
483,Florida,Miami-Dade,2021-05-19,496422.0,501.0,598.5714285714286,Wednesday,-53.0,15.508369152484281,12086,20.0,Miami-Dade County,40.9,53.1,47.3
484,Florida,Miami-Dade,2021-05-20,496961.0,539.0,564.8571428571429,Thursday,38.0,14.634866737213091,12086,20.0,Miami-Dade County,41.4,53.5,47.8
485,Florida,Miami-Dade,2021-05-21,497371.0,410.0,521.1428571428571,Friday,-129.0,13.502274622497055,12086,20.0,Miami-Dade County,41.9,54.0,48.5
486,Florida,Miami-Dade,2021-05-22,498094.0,723.0,531.4285714285714,Saturday,313.0,13.768766884783181,12086,20.0,Miami-Dade County,42.4,54.6,49.0
487,Florida,Miami-Dade,2021-05-23,498557.0,463.0,522.0,Sunday,-260.0,13.524482311020899,12086,21.0,Miami-Dade County,42.7,54.9,49.4
488,Florida,Miami-Dade,2021-05-24,498953.0,396.0,512.2857142857143,Monday,-67.0,13.272795174417334,12086,21.0,Miami-Dade County,42.9,55.2,49.6
489,Florida,Miami-Dade,2021-05-25,499201.0,248.0,468.57142857142856,Tuesday,-148.0,12.1402030597013,12086,21.0,Miami-Dade County,43.2,55.6,50.0
490,Florida,Miami-Dade,2021-05-26,499512.0,311.0,441.42857142857144,Wednesday,63.0,11.436959589779578,12086,21.0,Miami-Dade County,43.6,55.9,50.4
491,Florida,Miami-Dade,2021-05-27,499956.0,444.0,427.85714285714283,Thursday,133.0,11.085337854818716,12086,21.0,Miami-Dade County,43.9,56.3,50.8
492,Florida,Miami-Dade,2021-05-28,500323.0,367.0,421.7142857142857,Friday,-77.0,10.926182753731169,12086,21.0,Miami-Dade County,44.3,56.7,51.2
493,Florida,Miami-Dade,2021-05-29,500323.0,0.0,318.42857142857144,Saturday,-367.0,8.250156286607986,12086,21.0,Miami-Dade County,44.6,57.0,51.5
494,Florida,Miami-Dade,2021-05-30,500323.0,0.0,252.28571428571428,Sunday,0.0,6.53646298885137,12086,22.0,Miami-Dade County,44.9,57.4,52.0
495,Florida,Miami-Dade,2021-05-31,500323.0,0.0,195.71428571428572,Monday,0.0,5.0707555462776766,12086,22.0,Miami-Dade County,45.1,57.6,52.2
496,Florida,Miami-Dade,2021-06-01,501423.0,1100.0,317.42857142857144,Tuesday,1100.0,8.224247316663503,12086,22.0,Miami-Dade County,45.4,57.9,52.5
497,Florida,Miami-Dade,2021-06-02,501639.0,216.0,303.85714285714283,Wednesday,-884.0,7.872625581702641,12086,22.0,Miami-Dade County,45.7,58.1,52.8
498,Florida,Miami-Dade,2021-06-03,501926.0,287.0,281.42857142857144,Thursday,71.0,7.291524398662061,12086,22.0,Miami-Dade County,46.0,58.4,53.2
499,Florida,Miami-Dade,2021-06-04,501926.0,0.0,229.0,Friday,-287.0,5.9331541172869455,12086,22.0,Miami-Dade County,46.5,58.8,53.7
500,Florida,Miami-Dade,2021-06-05,502548.0,622.0,317.85714285714283,Saturday,622.0,8.235351160925424,12086,22.0,Miami-Dade County,46.8,59.1,54.1
501,Florida,Miami-Dade,2021-06-06,502548.0,0.0,317.85714285714283,Sunday,-622.0,8.235351160925424,12086,23.0,Miami-Dade County,47.2,59.4,54.6
502,Florida,Miami-Dade,2021-06-07,502548.0,0.0,317.85714285714283,Monday,0.0,8.235351160925424,12086,23.0,Miami-Dade County,47.7,59.8,55.1
503,Florida,Miami-Dade,2021-06-08,502548.0,0.0,160.71428571428572,Tuesday,0.0,4.16394159822072,12086,23.0,Miami-Dade County,48.1,60.2,55.7
504,Florida,Miami-Dade,2021-06-09,502548.0,0.0,129.85714285714286,Wednesday,0.0,3.3644648113623417,12086,23.0,Miami-Dade County,48.7,60.7,56.3
505,Florida,Miami-Dade,2021-06-10,502548.0,0.0,88.85714285714286,Thursday,0.0,2.302197043638478,12086,23.0,Miami-Dade County,49.4,61.2,57.2
506,Florida,Miami-Dade,2021-06-11,504650.0,2102.0,389.14285714285717,Friday,2102.0,10.082290589825103,12086,23.0,Miami-Dade County,50.0,61.5,57.8
507,Florida,Miami-Dade,2021-06-12,504650.0,254.0,300.2857142857143,Saturday,-1848.0,8.720219027029348,12086,23.0,Miami-Dade County,50.4,61.9,58.3
508,Florida,Miami-Dade,2021-06-13,504650.0,254.0,300.2857142857143,Sunday,0.0,9.66034450787207,12086,24.0,Miami-Dade County,50.7,62.1,58.6
509,Florida,Miami-Dade,2021-06-14,504650.0,254.0,300.2857142857143,Monday,0.0,10.600469988714792,12086,24.0,Miami-Dade County,51.0,62.3,58.9
510,Florida,Miami-Dade,2021-06-15,504650.0,254.0,300.2857142857143,Tuesday,0.0,11.540595469557516,12086,24.0,Miami-Dade County,51.0,62.3,58.9
511,Florida,Miami-Dade,2021-06-16,504650.0,254.0,300.2857142857143,Wednesday,0.0,12.480720950400238,12086,24.0,Miami-Dade County,51.5,62.8,59.5
512,Florida,Miami-Dade,2021-06-17,504650.0,254.0,300.2857142857143,Thursday,0.0,13.42084643124296,12086,24.0,Miami-Dade County,52.3,63.5,60.5
513,Florida,Miami-Dade,2021-06-18,506428.0,254.0,254.0,Friday,0.0,6.580878365899058,12086,24.0,Miami-Dade County,52.3,63.5,60.5
514,Florida,Miami-Dade,2021-06-19,506428.0,290.85714285714283,254.0,Saturday,36.85714285714283,6.717297023974099,12086,24.0,Miami-Dade County,52.8,63.8,61.0
515,Florida,Miami-Dade,2021-06-20,506428.0,290.85714285714283,254.0,Sunday,0.0,6.85371568204914,12086,25.0,Miami-Dade County,53.4,64.4,61.7
516,Florida,Miami-Dade,2021-06-21,506428.0,290.85714285714283,254.0,Monday,0.0,6.990134340124179,12086,25.0,Miami-Dade County,53.6,64.6,62.0
517,Florida,Miami-Dade,2021-06-22,506428.0,290.85714285714283,254.0,Tuesday,0.0,7.12655299819922,12086,25.0,Miami-Dade County,53.8,64.8,62.2
518,Florida,Miami-Dade,2021-06-23,506428.0,290.85714285714283,254.0,Wednesday,0.0,7.262971656274261,12086,25.0,Miami-Dade County,54.1,65.1,62.5
519,Florida,Miami-Dade,2021-06-24,506428.0,290.85714285714283,254.0,Thursday,0.0,7.399390314349301,12086,25.0,Miami-Dade County,54.4,65.5,62.8
520,Florida,Miami-Dade,2021-06-25,508464.0,290.85714285714283,290.85714285714283,Friday,0.0,7.535808972424341,12086,25.0,Miami-Dade County,54.6,65.9,63.1
521,Florida,Miami-Dade,2021-06-26,508464.0,418.57142857142856,290.85714285714283,Saturday,127.71428571428572,8.008515485289019,12086,25.0,Miami-Dade County,54.6,65.9,63.2
522,Florida,Miami-Dade,2021-06-27,508464.0,418.57142857142856,290.85714285714283,Sunday,0.0,8.481221998153696,12086,26.0,Miami-Dade County,54.9,66.3,63.5
523,Florida,Miami-Dade,2021-06-28,508464.0,418.57142857142856,290.85714285714283,Monday,0.0,8.95392851101837,12086,26.0,Miami-Dade County,55.6,67.0,64.2
524,Florida,Miami-Dade,2021-06-29,508464.0,418.57142857142856,290.85714285714283,Tuesday,0.0,9.426635023883046,12086,26.0,Miami-Dade County,55.8,67.2,64.5
525,Florida,Miami-Dade,2021-06-30,508464.0,418.57142857142856,290.85714285714283,Wednesday,0.0,9.899341536747722,12086,26.0,Miami-Dade County,56.0,67.4,64.7
526,Florida,Miami-Dade,2021-07-01,508464.0,418.57142857142856,290.85714285714283,Thursday,0.0,10.372048049612399,12086,26.0,Miami-Dade County,56.3,67.7,65.1
527,Florida,Miami-Dade,2021-07-02,511394.0,418.57142857142856,418.57142857142856,Friday,0.0,10.844754562477073,12086,26.0,Miami-Dade County,56.4,67.9,65.3
528,Florida,Miami-Dade,2021-07-03,511394.0,624.4285714285714,418.57142857142856,Saturday,205.8571428571429,11.606689780640384,12086,26.0,Miami-Dade County,56.7,68.2,65.6
529,Florida,Miami-Dade,2021-07-04,511394.0,624.4285714285714,418.57142857142856,Sunday,0.0,12.368624998803693,12086,27.0,Miami-Dade County,56.9,68.4,65.8
530,Florida,Miami-Dade,2021-07-05,511394.0,624.4285714285714,418.57142857142856,Monday,0.0,13.130560216967002,12086,27.0,Miami-Dade County,57.1,68.6,66.0
531,Florida,Miami-Dade,2021-07-06,511394.0,624.4285714285714,418.57142857142856,Tuesday,0.0,13.892495435130309,12086,27.0,Miami-Dade County,57.1,68.7,66.1
532,Florida,Miami-Dade,2021-07-07,511394.0,624.4285714285714,418.57142857142856,Wednesday,0.0,14.65443065329362,12086,27.0,Miami-Dade County,57.4,69.0,66.3
533,Florida,Miami-Dade,2021-07-08,511394.0,624.4285714285714,418.57142857142856,Thursday,0.0,15.416365871456927,12086,27.0,Miami-Dade County,57.5,69.2,66.5
534,Florida,Miami-Dade,2021-07-09,515765.0,624.4285714285714,624.4285714285714,Friday,0.0,16.178301089620238,12086,27.0,Miami-Dade County,57.7,69.4,66.7
535,Florida,Miami-Dade,2021-07-10,515765.0,995.5714285714286,624.4285714285714,Saturday,371.1428571428571,17.552005251166577,12086,27.0,Miami-Dade County,57.9,69.6,66.9
536,Florida,Miami-Dade,2021-07-11,515765.0,995.5714285714286,624.4285714285714,Sunday,0.0,18.925709412712916,12086,28.0,Miami-Dade County,58.1,69.9,67.1
537,Florida,Miami-Dade,2021-07-12,515765.0,995.5714285714286,624.4285714285714,Monday,0.0,20.29941357425926,12086,28.0,Miami-Dade County,58.2,70.1,67.3
538,Florida,Miami-Dade,2021-07-13,515765.0,995.5714285714286,624.4285714285714,Tuesday,0.0,21.673117735805597,12086,28.0,Miami-Dade County,58.4,70.2,67.5
539,Florida,Miami-Dade,2021-07-14,515765.0,995.5714285714286,624.4285714285714,Wednesday,0.0,23.046821897351936,12086,28.0,Miami-Dade County,58.6,70.5,67.7
540,Florida,Miami-Dade,2021-07-15,515765.0,995.5714285714286,624.4285714285714,Thursday,0.0,24.420526058898282,12086,28.0,Miami-Dade County,58.6,70.5,67.7
541,Florida,Miami-Dade,2021-07-16,522734.0,995.5714285714286,995.5714285714286,Friday,0.0,25.79423022044462,12086,28.0,Miami-Dade County,59.0,70.9,68.1
542,Florida,Miami-Dade,2021-07-17,522734.0,1583.857142857143,995.5714285714286,Saturday,588.2857142857143,27.971641204758644,12086,28.0,Miami-Dade County,59.1,71.1,68.3
543,Florida,Miami-Dade,2021-07-18,522734.0,1583.857142857143,995.5714285714286,Sunday,0.0,30.14905218907267,12086,29.0,Miami-Dade County,59.1,71.1,68.3
544,Florida,Miami-Dade,2021-07-19,522734.0,1583.857142857143,995.5714285714286,Monday,0.0,32.326463173386685,12086,29.0,Miami-Dade County,59.5,71.5,68.8
545,Florida,Miami-Dade,2021-07-20,522734.0,1583.857142857143,995.5714285714286,Tuesday,0.0,34.50387415770071,12086,29.0,Miami-Dade County,59.7,71.7,69.0
546,Florida,Miami-Dade,2021-07-21,522734.0,1583.857142857143,995.5714285714286,Wednesday,0.0,36.68128514201474,12086,29.0,Miami-Dade County,59.9,72.0,69.2
547,Florida,Miami-Dade,2021-07-22,522734.0,1583.857142857143,995.5714285714286,Thursday,0.0,38.85869612632876,12086,29.0,Miami-Dade County,60.0,72.2,69.4
548,Florida,Miami-Dade,2021-07-23,533821.0,1583.857142857143,1583.857142857143,Friday,0.0,41.036107110642774,12086,29.0,Miami-Dade County,60.1,72.4,69.5
549,Florida,Miami-Dade,2021-07-24,533821.0,2226.285714285714,1583.857142857143,Saturday,642.4285714285713,43.41391604616006,12086,29.0,Miami-Dade County,60.3,72.8,69.7
550,Florida,Miami-Dade,2021-07-25,533821.0,2226.285714285714,1583.857142857143,Sunday,0.0,45.79172498167733,12086,30.0,Miami-Dade County,60.4,73.1,69.9
551,Florida,Miami-Dade,2021-07-26,533821.0,2226.285714285714,1583.857142857143,Monday,0.0,48.16953391719461,12086,30.0,Miami-Dade County,60.6,73.4,70.0
552,Florida,Miami-Dade,2021-07-27,533821.0,2226.285714285714,1583.857142857143,Tuesday,0.0,50.5473428527119,12086,30.0,Miami-Dade County,60.7,73.6,70.1
553,Florida,Miami-Dade,2021-07-28,533821.0,2226.285714285714,1583.857142857143,Wednesday,0.0,52.92515178822917,12086,30.0,Miami-Dade County,60.8,73.9,70.3
554,Florida,Miami-Dade,2021-07-29,533821.0,2226.285714285714,1583.857142857143,Thursday,0.0,55.302960723746445,12086,30.0,Miami-Dade County,60.9,74.2,70.4
555,Florida,Miami-Dade,2021-07-30,549405.0,2226.285714285714,2226.285714285714,Friday,0.0,57.68076965926373,12086,30.0,Miami-Dade County,61.2,74.6,70.7
556,Florida,Miami-Dade,2021-07-31,549405.0,2815.5714285714284,2226.285714285714,Saturday,589.2857142857142,59.86188192499839,12086,30.0,Miami-Dade County,61.3,74.9,70.8
557,Florida,Miami-Dade,2021-08-01,549405.0,2815.5714285714284,2226.285714285714,Sunday,0.0,62.042994190733054,12086,31.0,Miami-Dade County,61.4,75.2,71.0
558,Florida,Miami-Dade,2021-08-02,549405.0,2815.5714285714284,2226.285714285714,Monday,0.0,64.22410645646774,12086,31.0,Miami-Dade County,61.6,75.5,71.2
559,Florida,Miami-Dade,2021-08-03,549405.0,2815.5714285714284,2226.285714285714,Tuesday,0.0,66.40521872220238,12086,31.0,Miami-Dade County,61.7,75.8,71.4
560,Florida,Miami-Dade,2021-08-04,549405.0,2815.5714285714284,2226.285714285714,Wednesday,0.0,68.58633098793706,12086,31.0,Miami-Dade County,61.9,76.1,71.5
561,Florida,Miami-Dade,2021-08-05,549405.0,2815.5714285714284,2226.285714285714,Thursday,0.0,70.76744325367171,12086,31.0,Miami-Dade County,62.0,76.4,71.7
562,Florida,Miami-Dade,2021-08-06,569114.0,2815.5714285714284,2815.5714285714284,Friday,0.0,72.94855551940637,12086,31.0,Miami-Dade County,62.2,76.8,71.9
563,Florida,Miami-Dade,2021-08-07,569114.0,3093.5714285714284,2815.5714285714284,Saturday,278.0,73.97751175434448,12086,31.0,Miami-Dade County,62.3,77.1,72.0
564,Florida,Miami-Dade,2021-08-08,569114.0,3093.5714285714284,2815.5714285714284,Sunday,0.0,75.00646798928257,12086,32.0,Miami-Dade County,62.4,77.4,72.2
565,Florida,Miami-Dade,2021-08-09,569114.0,3093.5714285714284,2815.5714285714284,Monday,0.0,76.03542422422066,12086,32.0,Miami-Dade County,62.5,77.6,72.3
566,Florida,Miami-Dade,2021-08-10,569114.0,3093.5714285714284,2815.5714285714284,Tuesday,0.0,77.06438045915877,12086,32.0,Miami-Dade County,62.7,77.9,72.4
567,Florida,Miami-Dade,2021-08-11,569114.0,3093.5714285714284,2815.5714285714284,Wednesday,0.0,78.09333669409686,12086,32.0,Miami-Dade County,62.8,78.1,72.6
568,Florida,Miami-Dade,2021-08-12,569114.0,3093.5714285714284,2815.5714285714284,Thursday,0.0,79.12229292903496,12086,32.0,Miami-Dade County,63.0,78.4,72.8
569,Florida,Miami-Dade,2021-08-13,590769.0,3093.5714285714284,3093.5714285714284,Friday,0.0,80.15124916397306,12086,32.0,Miami-Dade County,63.2,78.8,73.0
570,Florida,Miami-Dade,2021-08-14,590769.0,2861.8571428571427,3093.5714285714284,Saturday,-231.71428571428578,79.29360938336175,12086,32.0,Miami-Dade County,63.2,78.8,73.0
571,Florida,Miami-Dade,2021-08-15,590769.0,2861.8571428571427,3093.5714285714284,Sunday,0.0,78.43596960275045,12086,33.0,Miami-Dade County,63.6,79.3,73.5
572,Florida,Miami-Dade,2021-08-16,590769.0,2861.8571428571427,3093.5714285714284,Monday,0.0,77.57832982213914,12086,33.0,Miami-Dade County,63.7,79.5,73.7
573,Florida,Miami-Dade,2021-08-17,590769.0,2861.8571428571427,3093.5714285714284,Tuesday,0.0,76.72069004152783,12086,33.0,Miami-Dade County,63.9,79.7,73.9
574,Florida,Miami-Dade,2021-08-18,590769.0,2861.8571428571427,3093.5714285714284,Wednesday,0.0,75.86305026091655,12086,33.0,Miami-Dade County,64.2,80.0,74.2
575,Florida,Miami-Dade,2021-08-19,590769.0,2861.8571428571427,3093.5714285714284,Thursday,0.0,75.00541048030524,12086,33.0,Miami-Dade County,64.4,80.3,74.5
576,Florida,Miami-Dade,2021-08-20,610802.0,2861.8571428571427,2861.8571428571427,Friday,0.0,74.14777069969394,12086,33.0,Miami-Dade County,64.7,80.6,74.7
577,Florida,Miami-Dade,2021-08-21,610802.0,2374.4285714285716,2861.8571428571427,Saturday,-487.4285714285711,72.34366038437595,12086,33.0,Miami-Dade County,64.9,80.8,75.0
578,Florida,Miami-Dade,2021-08-22,610802.0,2374.4285714285716,2861.8571428571427,Sunday,0.0,70.53955006905797,12086,34.0,Miami-Dade County,65.1,80.9,75.2
579,Florida,Miami-Dade,2021-08-23,610802.0,2374.4285714285716,2861.8571428571427,Monday,0.0,68.73543975374,12086,34.0,Miami-Dade County,65.2,81.1,75.4
580,Florida,Miami-Dade,2021-08-24,610802.0,2374.4285714285716,2861.8571428571427,Tuesday,0.0,66.93132943842201,12086,34.0,Miami-Dade County,65.5,81.4,75.7
581,Florida,Miami-Dade,2021-08-25,610802.0,2374.4285714285716,2861.8571428571427,Wednesday,0.0,65.12721912310406,12086,34.0,Miami-Dade County,65.5,81.4,75.7
582,Florida,Miami-Dade,2021-08-26,610802.0,2374.4285714285716,2861.8571428571427,Thursday,0.0,63.32310880778606,12086,34.0,Miami-Dade County,66.0,81.8,76.3
583,Florida,Miami-Dade,2021-08-27,627423.0,2374.4285714285716,2374.4285714285716,Friday,0.0,61.51899849246808,12086,34.0,Miami-Dade County,66.2,82.0,76.6
584,Florida,Miami-Dade,2021-08-28,627423.0,1725.7142857142858,2374.4285714285716,Saturday,-648.7142857142858,59.11792435944964,12086,34.0,Miami-Dade County,66.5,82.2,76.8
585,Florida,Miami-Dade,2021-08-29,627423.0,1725.7142857142858,2374.4285714285716,Sunday,0.0,56.716850226431184,12086,35.0,Miami-Dade County,66.7,82.3,77.1
586,Florida,Miami-Dade,2021-08-30,627423.0,1725.7142857142858,2374.4285714285716,Monday,0.0,54.315776093412744,12086,35.0,Miami-Dade County,66.9,82.4,77.3
587,Florida,Miami-Dade,2021-08-31,627423.0,1725.7142857142858,2374.4285714285716,Tuesday,0.0,51.914701960394275,12086,35.0,Miami-Dade County,67.2,82.7,77.6
588,Florida,Miami-Dade,2021-09-01,627423.0,1725.7142857142858,2374.4285714285716,Wednesday,0.0,49.513627827375835,12086,35.0,Miami-Dade County,67.4,83.0,78.0
589,Florida,Miami-Dade,2021-09-02,627423.0,1725.7142857142858,2374.4285714285716,Thursday,0.0,47.11255369435738,12086,35.0,Miami-Dade County,67.6,83.1,78.2
590,Florida,Miami-Dade,2021-09-03,639503.0,1725.7142857142858,1725.7142857142858,Friday,0.0,44.71147956133893,12086,35.0,Miami-Dade County,67.9,83.3,78.4
591,Florida,Miami-Dade,2021-09-04,639503.0,1374.2857142857142,1725.7142857142858,Saturday,-351.42857142857156,43.410743519228085,12086,35.0,Miami-Dade County,67.9,83.3,78.4
592,Florida,Miami-Dade,2021-09-05,639503.0,1374.2857142857142,1725.7142857142858,Sunday,0.0,42.11000747711722,12086,36.0,Miami-Dade County,67.9,83.3,78.4
593,Florida,Miami-Dade,2021-09-06,639503.0,1374.2857142857142,1725.7142857142858,Monday,0.0,40.80927143500637,12086,36.0,Miami-Dade County,67.9,83.3,78.5
594,Florida,Miami-Dade,2021-09-07,639503.0,1374.2857142857142,1725.7142857142858,Tuesday,0.0,39.50853539289552,12086,36.0,Miami-Dade County,68.1,83.5,78.7
595,Florida,Miami-Dade,2021-09-08,639503.0,1374.2857142857142,1725.7142857142858,Wednesday,0.0,38.20779935078467,12086,36.0,Miami-Dade County,68.7,84.0,79.5
596,Florida,Miami-Dade,2021-09-09,639503.0,1374.2857142857142,1725.7142857142858,Thursday,0.0,36.907063308673806,12086,36.0,Miami-Dade County,69.0,84.2,79.7
597,Florida,Miami-Dade,2021-09-10,649123.0,1374.2857142857142,1374.2857142857142,Friday,0.0,35.60632726656296,12086,36.0,Miami-Dade County,69.2,84.4,80.0
598,Florida,Miami-Dade,2021-09-11,649123.0,1052.2857142857142,1374.2857142857142,Saturday,-322.0,34.41451464911667,12086,36.0,Miami-Dade County,69.5,84.5,80.3
599,Florida,Miami-Dade,2021-09-12,649123.0,1052.2857142857142,1374.2857142857142,Sunday,0.0,33.22270203167039,12086,37.0,Miami-Dade County,69.7,84.7,80.5
600,Florida,Miami-Dade,2021-09-13,649123.0,1052.2857142857142,1374.2857142857142,Monday,0.0,32.0308894142241,12086,37.0,Miami-Dade County,69.9,84.9,80.8
601,Florida,Miami-Dade,2021-09-14,649123.0,1052.2857142857142,1374.2857142857142,Tuesday,0.0,30.839076796777814,12086,37.0,Miami-Dade County,70.0,85.0,80.9
602,Florida,Miami-Dade,2021-09-15,649123.0,1052.2857142857142,1374.2857142857142,Wednesday,0.0,29.647264179331525,12086,37.0,Miami-Dade County,70.2,85.2,81.2
603,Florida,Miami-Dade,2021-09-16,649123.0,1052.2857142857142,1374.2857142857142,Thursday,0.0,28.45545156188524,12086,37.0,Miami-Dade County,70.4,85.3,81.4
604,Florida,Miami-Dade,2021-09-17,656489.0,1052.2857142857142,1052.2857142857142,Friday,0.0,27.263638944438956,12086,37.0,Miami-Dade County,70.5,85.4,81.5
605,Florida,Miami-Dade,2021-09-18,656489.0,1035.4285714285713,1052.2857142857142,Saturday,-16.85714285714289,27.201245914776724,12086,37.0,Miami-Dade County,70.5,85.4,81.5
606,Florida,Miami-Dade,2021-09-19,656489.0,1035.4285714285713,1052.2857142857142,Sunday,0.0,27.138852885114495,12086,38.0,Miami-Dade County,70.5,85.4,81.5
607,Florida,Miami-Dade,2021-09-20,656489.0,1035.4285714285713,1052.2857142857142,Monday,0.0,27.076459855452267,12086,38.0,Miami-Dade County,71.0,85.8,82.1
608,Florida,Miami-Dade,2021-09-21,656489.0,1035.4285714285713,1052.2857142857142,Tuesday,0.0,27.014066825790042,12086,38.0,Miami-Dade County,71.0,85.8,82.1
609,Florida,Miami-Dade,2021-09-22,656489.0,1035.4285714285713,1052.2857142857142,Wednesday,0.0,26.951673796127814,12086,38.0,Miami-Dade County,71.1,85.9,82.2
610,Florida,Miami-Dade,2021-09-23,656489.0,1035.4285714285713,1052.2857142857142,Thursday,0.0,26.889280766465582,12086,38.0,Miami-Dade County,71.3,86.0,82.4
611,Florida,Miami-Dade,2021-09-24,663737.0,1035.4285714285713,1035.4285714285713,Friday,0.0,26.826887736803354,12086,38.0,Miami-Dade County,71.4,86.1,82.6
612,Florida,Miami-Dade,2021-09-25,663737.0,689.2857142857143,1035.4285714285713,Saturday,-346.142857142857,25.54571561077303,12086,38.0,Miami-Dade County,71.6,86.2,82.8
613,Florida,Miami-Dade,2021-09-26,663737.0,689.2857142857143,1035.4285714285713,Sunday,0.0,24.264543484742706,12086,39.0,Miami-Dade County,71.8,86.3,83.0
614,Florida,Miami-Dade,2021-09-27,663737.0,689.2857142857143,1035.4285714285713,Monday,0.0,22.983371358712386,12086,39.0,Miami-Dade County,71.9,86.4,83.1
615,Florida,Miami-Dade,2021-09-28,663737.0,689.2857142857143,1035.4285714285713,Tuesday,0.0,21.702199232682062,12086,39.0,Miami-Dade County,72.0,86.5,83.3
616,Florida,Miami-Dade,2021-09-29,663737.0,689.2857142857143,1035.4285714285713,Wednesday,0.0,20.421027106651735,12086,39.0,Miami-Dade County,72.0,86.5,83.3
617,Florida,Miami-Dade,2021-09-30,663737.0,689.2857142857143,1035.4285714285713,Thursday,0.0,19.139854980621415,12086,39.0,Miami-Dade County,72.3,86.7,83.5
618,Florida,Miami-Dade,2021-10-01,668562.0,689.2857142857143,689.2857142857143,Friday,0.0,17.85868285459109,12086,39.0,Miami-Dade County,72.4,86.8,83.7
619,Florida,Miami-Dade,2021-10-02,668562.0,509.14285714285717,689.2857142857143,Saturday,-180.14285714285717,17.19192344438711,12086,39.0,Miami-Dade County,72.4,86.9,83.8
620,Florida,Miami-Dade,2021-10-03,668562.0,509.14285714285717,689.2857142857143,Sunday,0.0,16.525164034183135,12086,40.0,Miami-Dade County,72.5,86.9,83.8
621,Florida,Miami-Dade,2021-10-04,668562.0,509.14285714285717,689.2857142857143,Monday,0.0,15.858404623979155,12086,40.0,Miami-Dade County,72.9,87.2,84.2
622,Florida,Miami-Dade,2021-10-05,668562.0,509.14285714285717,689.2857142857143,Tuesday,0.0,15.191645213775177,12086,40.0,Miami-Dade County,73.0,87.3,84.4
623,Florida,Miami-Dade,2021-10-06,668562.0,509.14285714285717,689.2857142857143,Wednesday,0.0,14.524885803571197,12086,40.0,Miami-Dade County,73.1,87.4,84.5
624,Florida,Miami-Dade,2021-10-07,668562.0,509.14285714285717,689.2857142857143,Thursday,0.0,13.85812639336722,12086,40.0,Miami-Dade County,73.2,87.5,84.6
625,Florida,Miami-Dade,2021-10-08,672126.0,509.14285714285717,509.14285714285717,Friday,0.0,13.191366983163244,12086,40.0,Miami-Dade County,73.4,87.6,84.9
626,Florida,Miami-Dade,2021-10-09,672126.0,390.14285714285717,509.14285714285717,Saturday,-119.0,12.750914494107004,12086,40.0,Miami-Dade County,73.5,87.7,85.0
627,Florida,Miami-Dade,2021-10-10,672126.0,390.14285714285717,509.14285714285717,Sunday,0.0,12.31046200505077,12086,41.0,Miami-Dade County,73.6,87.8,85.1
628,Florida,Miami-Dade,2021-10-11,672126.0,390.14285714285717,509.14285714285717,Monday,0.0,11.870009515994532,12086,41.0,Miami-Dade County,73.7,87.9,85.2
629,Florida,Miami-Dade,2021-10-12,672126.0,390.14285714285717,509.14285714285717,Tuesday,0.0,11.429557026938296,12086,41.0,Miami-Dade County,73.8,87.9,85.3
630,Florida,Miami-Dade,2021-10-13,672126.0,390.14285714285717,509.14285714285717,Wednesday,0.0,10.989104537882062,12086,41.0,Miami-Dade County,73.9,88.0,85.4
631,Florida,Miami-Dade,2021-10-14,672126.0,390.14285714285717,509.14285714285717,Thursday,0.0,10.548652048825824,12086,41.0,Miami-Dade County,74.0,88.2,85.6
632,Florida,Miami-Dade,2021-10-15,674857.0,390.14285714285717,390.14285714285717,Friday,0.0,10.108199559769588,12086,41.0,Miami-Dade County,74.1,88.3,85.7
633,Florida,Miami-Dade,2021-10-16,674857.0,298.0,390.14285714285717,Saturday,-92.14285714285717,9.767152914581988,12086,41.0,Miami-Dade County,74.3,88.4,85.8
634,Florida,Miami-Dade,2021-10-17,674857.0,298.0,390.14285714285717,Sunday,0.0,9.426106269394385,12086,42.0,Miami-Dade County,74.4,88.5,86.0
635,Florida,Miami-Dade,2021-10-18,674857.0,298.0,390.14285714285717,Monday,0.0,9.085059624206782,12086,42.0,Miami-Dade County,74.5,88.6,86.1
636,Florida,Miami-Dade,2021-10-19,674857.0,298.0,390.14285714285717,Tuesday,0.0,8.744012979019182,12086,42.0,Miami-Dade County,74.5,88.6,86.2
637,Florida,Miami-Dade,2021-10-20,674857.0,298.0,390.14285714285717,Wednesday,0.0,8.402966333831579,12086,42.0,Miami-Dade County,74.6,88.7,86.3
638,Florida,Miami-Dade,2021-10-21,674857.0,298.0,390.14285714285717,Thursday,0.0,8.061919688643975,12086,42.0,Miami-Dade County,74.6,88.7,86.3
639,Florida,Miami-Dade,2021-10-22,676943.0,298.0,298.0,Friday,0.0,7.720873043456375,12086,42.0,Miami-Dade County,75.0,89.3,86.7
640,Florida,Miami-Dade,2021-10-23,676943.0,0.0,298.0,Saturday,-298.0,6.617891180105464,12086,42.0,Miami-Dade County,75.1,89.4,86.8
641,Florida,Miami-Dade,2021-10-24,676943.0,0.0,298.0,Sunday,0.0,5.5149093167545535,12086,43.0,Miami-Dade County,75.2,89.4,86.9
642,Florida,Miami-Dade,2021-10-25,676943.0,0.0,298.0,Monday,0.0,4.411927453403643,12086,43.0,Miami-Dade County,75.2,89.5,87.0
643,Florida,Miami-Dade,2021-10-26,676943.0,0.0,298.0,Tuesday,0.0,3.308945590052732,12086,43.0,Miami-Dade County,75.3,89.5,87.0
644,Florida,Miami-Dade,2021-10-27,676943.0,0.0,298.0,Wednesday,0.0,2.2059637267018215,12086,43.0,Miami-Dade County,75.4,89.7,87.2
645,Florida,Miami-Dade,2021-10-28,676943.0,0.0,298.0,Thursday,0.0,1.1029818633509108,12086,43.0,Miami-Dade County,75.5,89.8,87.3
646,,,2021-11-08,,,,,,,12086,45.0,Miami-Dade County,76.4,90.8,88.3
647,,,2021-11-07,,,,,,,12086,45.0,Miami-Dade County,76.2,90.7,88.1
648,,,2021-11-06,,,,,,,12086,44.0,Miami-Dade County,76.2,90.6,88.0
649,,,2021-11-05,,,,,,,12086,44.0,Miami-Dade County,76.1,90.5,88.0
650,,,2021-11-04,,,,,,,12086,44.0,Miami-Dade County,76.0,90.4,87.9
651,,,2021-11-03,,,,,,,12086,44.0,Miami-Dade County,76.0,90.3,87.8
652,,,2021-11-02,,,,,,,12086,44.0,Miami-Dade County,75.9,90.2,87.7
653,,,2021-11-01,,,,,,,12086,44.0,Miami-Dade County,75.8,90.2,87.7
654,,,2021-10-31,,,,,,,12086,44.0,Miami-Dade County,75.8,90.1,87.6
655,,,2021-10-30,,,,,,,12086,43.0,Miami-Dade County,75.7,90.0,87.5
656,,,2021-10-29,,,,,,,12086,43.0,Miami-Dade County,75.6,89.9,87.4
